Unix,Alabama,Alaska,Arizona,Arkansas,California,Colorado,D.C.,Delaware,Florida,Georgia,Hawaii,Idaho,Illinois,Indiana,Iowa,Kansas,Kentucky,Louisiana,Maine,Maryland,Mass.,Michigan,Minn.,Mississippi,Missouri,Montana,N. Carolina,N. Dakota,N. Hamp.,N. Jersey,N. Mexico,N. York,Nebraska,Nevada,Ohio,Oklahoma,Oregon,Penn.,Rhode Is.,S. Carolina,S. Dakota,TOTAL,TOTAL US,Tennesee,Texas,Utah,Vermont,Virginia,W. Virgina,Wash.,Wisconsin,Wyoming,Time
946684800.0,1.5,4.5,0.0,0.25,16.5,18.25,0.0,0.0,0.0,0.0,0.0,0.0,0.0,0.0,0.0,17.75,4.25,66.25,0.0,0.0,0.0,2.0,0.0,9.5,0.0,5.25,0.0,7.25,0.0,0.0,59.5,2.5,1.0,0.0,10.5,77.75,0.0,13.25,0.0,0.0,0.0,774.75,649.25,0.0,268.75,14.0,0.0,0.25,9.75,0.0,0.0,38.75,1.0
949363200.0,0.25,4.75,0.0,0.0,16.75,17.25,0.0,0.0,0.0,0.0,0.0,0.0,0.0,0.0,0.0,17.75,4.0,67.5,0.0,0.0,0.0,2.75,0.0,9.75,0.0,3.0,0.0,8.75,0.0,0.0,66.75,0.0,1.0,0.0,6.75,71.0,0.0,12.5,0.0,0.0,0.0,763.0,641.0,0.0,277.25,14.0,0.0,0.25,5.0,0.0,0.0,34.0,2.0
951868800.0,0.8,5.8,0.0,0.0,18.0,17.6,0.0,0.0,0.0,0.0,0.0,0.0,0.0,0.0,0.0,19.0,6.6,68.8,0.0,0.0,0.0,1.8,0.0,9.0,0.0,3.4,0.0,10.2,0.0,0.0,67.4,1.0,1.0,0.0,4.2,78.6,0.0,10.4,0.0,0.0,0.0,773.0,649.6,0.0,273.2,15.6,0.0,1.2,5.8,0.0,0.0,30.2,3.0
954547200.0,1.5,4.5,0.0,2.25,18.25,18.25,0.0,0.0,0.0,1.0,0.0,0.0,0.0,0.0,0.0,19.5,7.75,72.75,0.0,0.0,0.0,2.0,0.0,9.0,0.0,6.25,0.0,11.75,0.0,0.0,69.0,3.0,1.0,0.0,5.0,83.0,0.0,5.5,0.0,0.0,0.0,805.25,681.0,0.0,285.0,14.5,0.0,2.0,10.0,0.0,0.0,28.25,4.0
957139200.0,2.0,5.25,0.0,6.0,20.25,17.0,0.0,0.0,0.0,1.0,0.0,0.0,0.0,0.0,0.0,19.25,7.5,66.75,0.0,0.0,0.0,2.0,0.0,9.0,0.0,5.5,0.0,9.5,0.0,0.0,74.0,3.0,1.0,0.0,5.25,94.75,0.0,2.25,0.0,0.0,0.0,844.0,705.75,0.0,295.0,15.75,0.0,2.75,11.25,0.0,0.0,29.75,5.0
959817600.0,1.0,6.8,0.0,6.2,20.2,16.2,0.0,0.0,0.0,0.2,0.0,0.0,0.0,0.0,0.0,19.0,6.8,72.2,0.0,0.0,0.0,2.4,0.0,9.8,0.0,4.6,0.0,11.6,0.0,0.0,72.0,3.2,1.0,0.0,8.0,93.0,0.0,3.0,0.0,0.0,0.0,878.0,738.6,0.0,312.2,15.4,0.0,3.8,12.0,0.0,0.0,38.0,6.0
962409600.0,0.5,7.75,0.0,1.75,24.0,18.5,0.0,0.0,0.0,0.0,0.0,0.0,0.0,0.0,0.0,24.25,7.0,77.25,0.0,0.0,0.0,3.0,0.0,10.75,0.0,6.25,0.0,13.75,0.0,0.0,69.75,4.0,0.75,0.0,9.5,91.25,0.0,6.75,0.0,0.0,0.0,941.5,784.25,0.0,332.0,14.75,0.0,3.0,14.0,0.0,0.0,43.75,7.0
965088000.0,0.0,10.0,0.0,4.0,23.5,16.0,0.0,0.0,0.0,0.0,0.0,0.0,0.0,0.0,0.0,23.5,5.75,74.0,0.0,0.0,0.0,3.0,0.0,11.0,0.0,6.5,0.0,15.5,0.0,0.0,67.75,4.0,0.0,0.0,7.5,113.75,0.0,9.0,0.0,0.0,0.5,986.75,828.0,0.5,356.0,15.0,0.0,3.25,14.25,0.0,0.0,43.75,8.0
967766400.0,0.4,9.8,0.0,4.2,21.6,15.8,0.0,0.0,0.0,0.0,0.0,0.0,0.0,0.0,0.0,25.0,3.4,83.4,0.0,0.0,0.0,4.0,0.0,13.6,0.0,7.0,0.0,19.0,0.0,0.0,69.0,3.2,0.0,0.0,6.0,117.0,0.0,9.0,0.0,0.0,0.2,1011.2,864.4,0.0,366.4,16.2,0.0,2.0,19.2,0.0,0.0,49.0,9.0
970358400.0,1.75,10.5,0.0,6.75,23.0,18.75,0.0,0.0,0.25,0.0,0.0,0.0,0.0,0.0,0.0,26.5,1.25,86.0,0.0,0.0,0.0,4.0,0.0,13.75,0.0,8.0,0.0,19.25,0.0,0.0,64.75,4.25,0.0,0.0,13.5,125.75,0.0,10.25,0.0,0.0,0.0,1054.5,907.0,0.75,375.0,17.0,0.0,2.0,22.0,0.0,0.0,52.0,10.0
973036800.0,2.25,10.5,0.0,8.5,23.75,22.0,0.0,0.0,1.0,0.0,0.0,0.0,0.0,0.0,0.0,28.0,2.0,89.25,0.0,0.0,0.0,1.5,0.0,13.75,0.0,9.75,0.0,17.75,0.0,0.0,64.25,5.0,0.0,0.0,13.0,111.25,0.0,11.0,0.0,0.0,0.0,1066.5,916.5,1.0,389.5,17.0,0.0,1.75,22.75,0.0,0.0,50.0,11.0
975628800.0,1.8,12.0,0.0,6.4,23.0,24.2,0.0,0.0,0.6,0.0,0.0,0.0,0.0,0.0,0.0,25.0,3.0,90.0,0.0,0.0,0.0,1.0,0.0,14.8,0.0,12.2,0.0,14.6,0.0,0.0,68.4,5.6,0.0,0.0,13.0,131.8,0.0,10.4,0.0,0.0,1.6,1097.2,950.0,0.0,398.4,15.6,0.0,1.0,23.4,0.0,0.0,52.2,12.0
978307200.0,2.0,12.75,0.0,6.25,24.25,25.5,0.0,0.0,0.0,0.0,0.0,0.0,0.0,0.0,0.0,23.5,1.25,87.5,0.0,0.0,0.0,1.0,0.0,14.5,0.0,9.5,0.0,12.5,0.0,0.0,72.25,5.5,0.5,0.0,13.0,135.25,0.0,8.5,0.0,0.0,1.5,1118.0,945.5,0.0,400.25,15.75,0.0,1.0,20.75,0.25,0.0,50.5,13.0
980985600.0,1.0,11.5,0.0,4.75,25.0,28.5,0.0,0.0,0.0,0.0,0.0,0.0,0.0,0.0,0.0,23.0,2.25,93.5,0.0,0.0,0.0,1.0,0.0,15.5,0.0,8.5,0.0,13.5,0.0,0.0,71.75,4.25,1.0,0.0,13.0,129.0,0.0,7.5,0.0,0.0,1.0,1135.75,972.75,0.0,423.25,19.5,0.0,1.0,19.75,1.0,0.0,52.75,14.0
983404800.0,0.8,13.4,0.0,2.0,27.8,25.6,0.0,0.0,0.0,0.0,0.0,0.0,0.0,0.0,0.0,25.8,2.4,96.4,0.0,0.0,0.0,1.0,0.0,14.8,0.0,8.6,0.0,12.8,0.0,0.0,71.0,5.0,0.4,0.0,12.4,135.2,0.0,10.4,0.0,0.0,0.4,1163.2,996.6,1.0,434.6,21.8,0.0,1.8,18.4,1.0,0.0,51.8,15.0
986083200.0,1.0,12.5,0.0,1.0,32.25,32.0,0.0,0.0,0.0,0.0,0.0,0.0,0.0,0.0,0.0,26.5,4.75,98.0,0.0,0.0,0.0,1.0,0.0,17.75,0.0,7.5,0.0,16.25,0.0,0.0,79.0,4.25,0.0,0.0,11.25,143.5,0.0,5.5,0.0,0.0,0.25,1205.75,1036.5,1.75,449.75,23.0,0.0,1.25,13.75,1.0,0.0,51.75,16.0
988675200.0,1.0,11.25,0.0,0.75,35.75,36.0,0.0,0.0,0.0,0.0,0.0,0.0,0.0,0.0,0.0,24.5,8.75,101.25,0.0,0.0,0.0,1.0,0.0,15.5,0.0,9.25,0.0,15.75,0.0,0.0,73.0,4.25,0.0,0.0,3.5,145.5,0.25,9.0,0.0,0.0,2.0,1234.0,1064.0,1.5,468.75,23.75,0.0,1.75,15.25,0.75,0.0,54.0,17.0
991353600.0,0.4,12.2,0.0,1.0,37.8,36.0,0.0,0.0,0.0,0.0,0.0,0.0,0.0,0.0,0.0,21.4,9.6,101.4,0.0,0.0,0.0,1.4,0.0,17.2,0.0,12.0,0.0,15.0,0.0,0.0,77.6,5.0,0.0,0.0,5.0,157.2,0.2,11.8,0.0,0.0,0.8,1270.4,1107.8,1.8,478.8,24.8,0.0,1.8,17.4,0.0,0.0,60.2,18.0
993945600.0,0.5,10.5,0.0,0.5,39.5,35.25,0.0,0.0,0.0,0.0,0.0,0.0,0.0,0.0,0.0,22.75,6.75,107.0,0.0,0.0,0.0,2.0,0.0,17.0,0.0,10.75,0.0,16.25,0.0,0.0,81.25,5.25,0.0,0.0,5.0,155.75,0.0,11.75,0.0,0.0,0.5,1278.0,1121.75,2.0,483.25,24.75,0.0,2.0,17.75,0.0,0.0,63.75,19.0
996624000.0,1.6,10.6,0.0,1.2,37.8,37.4,0.0,0.0,0.6,0.0,0.0,0.0,0.0,0.0,0.0,23.2,6.6,106.0,0.0,0.0,0.0,1.8,0.0,16.6,0.0,9.6,0.0,13.2,0.0,0.0,75.2,6.0,0.0,0.0,8.0,148.8,0.0,11.0,0.0,0.0,0.0,1251.8,1104.8,1.0,479.6,23.2,0.0,2.8,19.8,1.0,0.0,62.2,20.0
999302400.0,2.25,9.5,0.0,0.5,35.75,38.0,0.0,0.0,1.0,0.0,0.0,0.0,0.0,0.0,0.0,22.75,9.0,98.0,0.0,0.0,0.0,1.0,0.0,12.75,0.0,11.75,0.0,17.0,0.0,0.0,69.5,6.0,0.0,0.0,11.0,131.25,0.0,12.25,0.0,0.0,0.5,1193.0,1049.75,0.25,449.0,23.5,0.0,3.25,18.25,1.0,0.0,64.75,21.0
1001894400.0,3.5,11.75,0.0,0.5,31.75,35.5,0.0,0.0,1.0,0.0,0.0,0.0,0.0,0.0,0.0,24.5,9.0,89.5,0.0,0.0,0.0,1.0,0.0,10.25,0.0,11.75,0.0,16.0,0.0,0.0,63.75,5.25,0.25,0.0,11.0,115.0,0.0,13.25,0.0,0.0,0.75,1111.25,979.25,1.0,424.5,19.75,0.0,3.0,17.75,1.0,0.0,57.0,22.0
1004572800.0,3.0,12.4,0.0,0.0,33.4,33.2,0.0,0.0,1.0,0.0,0.0,0.0,0.0,0.0,0.0,20.8,9.2,79.8,0.0,0.0,0.0,1.0,0.0,10.6,0.0,10.6,0.0,12.6,0.0,0.0,45.8,7.0,0.0,0.0,11.0,89.8,0.0,14.0,0.0,0.0,0.0,999.8,865.6,1.0,386.4,14.6,0.0,3.0,18.6,0.0,0.0,46.8,23.0
1007164800.0,2.75,12.75,0.0,0.5,27.5,23.75,0.0,0.0,1.0,0.0,0.0,0.0,0.0,0.0,0.0,10.0,7.25,78.25,0.0,0.0,0.0,1.0,0.0,7.75,0.0,10.25,0.0,11.25,0.0,0.0,38.75,6.5,0.0,0.0,11.0,74.0,0.0,11.5,0.0,0.0,0.0,901.0,779.75,0.25,364.25,14.25,0.0,2.75,18.75,0.0,0.0,43.75,24.0
1009843200.0,0.5,12.5,0.0,1.0,23.0,25.0,0.0,0.0,0.25,0.0,0.0,0.0,0.0,0.75,0.0,7.75,6.5,70.75,0.0,0.0,0.0,1.0,0.0,8.0,0.0,7.25,0.0,7.75,0.0,0.0,40.0,5.25,1.0,0.0,11.0,71.5,0.0,10.5,0.0,0.0,0.0,866.75,741.0,0.0,354.75,13.0,0.0,1.75,14.0,0.0,0.0,46.25,25.0
1012521600.0,1.0,12.75,0.0,1.0,19.0,27.25,0.0,0.0,0.0,0.0,0.0,0.0,0.0,2.0,0.0,5.25,4.25,67.0,0.0,0.0,0.0,1.0,0.0,10.25,0.0,5.75,0.0,9.25,0.0,0.0,38.5,4.0,0.0,0.0,8.75,72.0,0.0,11.75,0.0,0.0,0.0,824.5,701.25,0.0,332.5,11.5,0.0,0.25,11.0,0.0,0.0,45.25,26.0
1014940800.0,0.6,13.2,0.0,0.6,18.0,24.8,0.0,0.0,0.0,0.0,0.0,0.0,0.0,0.0,0.0,7.0,8.0,57.6,0.0,0.0,0.0,1.0,0.0,7.4,0.0,8.0,0.0,7.4,0.0,0.0,36.0,4.0,0.0,0.0,8.0,75.0,0.0,10.8,0.0,0.0,0.0,763.0,648.6,0.4,303.0,9.8,0.0,0.6,9.4,0.0,0.0,38.0,27.0
1017619200.0,0.75,11.0,0.0,1.0,19.5,27.5,0.0,0.0,0.0,0.0,0.0,0.0,0.0,0.0,0.0,8.0,7.5,62.75,0.0,0.0,0.0,1.0,0.0,6.25,0.0,7.5,0.0,9.0,0.0,0.0,33.0,5.5,0.0,0.0,8.0,75.25,0.0,10.75,0.0,0.0,0.0,750.0,645.0,0.5,296.0,11.0,0.0,1.75,9.5,0.0,0.0,32.0,28.0
1020211200.0,1.0,9.8,0.0,0.6,23.6,32.6,0.0,0.0,0.0,0.0,0.0,0.0,0.0,0.0,0.0,8.0,5.6,69.6,0.0,0.0,0.0,1.0,0.0,5.0,0.0,9.4,0.0,10.6,0.0,0.0,36.8,5.6,0.0,0.0,8.0,98.2,0.0,12.4,0.0,0.0,0.0,826.0,720.2,0.0,313.0,17.2,0.0,2.4,14.2,0.0,0.0,35.6,29.0
1022889600.0,0.5,10.0,0.0,0.0,20.75,34.0,0.0,0.0,0.0,0.0,0.0,0.0,0.0,0.0,0.0,10.0,3.75,67.25,0.0,0.0,0.0,1.0,0.0,8.25,0.0,8.5,0.0,11.5,0.0,0.0,43.5,4.25,0.0,0.0,8.25,105.25,0.0,12.75,0.0,0.0,0.75,842.25,733.5,0.0,307.5,16.75,0.0,2.75,14.75,0.0,0.0,41.5,30.0
1025481600.0,0.5,8.5,1.0,0.25,20.0,31.0,0.0,0.0,0.0,0.0,0.0,0.0,0.0,0.0,0.0,7.75,3.75,69.5,0.0,0.0,0.0,1.0,0.0,10.75,0.0,7.75,0.0,11.25,0.0,0.0,45.25,4.0,0.25,0.0,9.0,103.75,0.0,12.75,0.0,0.0,0.5,850.5,740.0,0.0,315.25,15.75,0.0,2.0,14.25,0.0,0.0,44.25,31.0
1028160000.0,1.6,7.8,1.0,0.8,17.8,30.4,0.0,0.0,0.0,0.0,0.2,0.0,0.0,0.2,0.0,7.0,3.4,72.2,0.0,0.0,0.0,1.0,0.0,10.0,0.0,6.6,0.0,11.4,0.0,0.0,41.2,3.0,0.0,0.4,9.0,106.0,0.0,11.8,0.0,0.0,0.0,848.0,736.0,0.0,320.4,12.2,0.0,3.2,15.2,0.0,0.0,42.2,32.0
1030838400.0,1.0,8.0,1.0,2.0,17.75,24.25,0.0,0.0,0.0,0.0,1.0,0.0,0.0,1.0,0.0,7.75,3.25,86.75,0.0,0.0,0.0,1.0,0.0,9.0,0.0,7.25,0.0,9.75,0.0,0.0,37.5,2.25,0.0,0.0,9.0,95.75,0.0,11.25,0.0,0.0,0.0,860.25,746.0,0.0,335.25,13.0,0.0,3.75,15.0,0.0,0.0,42.5,33.0
1033430400.0,1.0,7.75,0.0,1.5,18.0,25.25,0.0,0.0,0.75,0.0,1.0,0.0,0.0,1.0,0.0,8.75,4.0,82.25,0.0,0.0,0.0,1.0,0.0,5.5,0.0,8.5,0.0,9.25,0.0,0.0,44.75,5.5,0.0,0.0,10.5,91.75,0.0,7.0,0.0,0.0,1.5,851.25,739.75,0.0,330.5,13.0,0.0,2.25,14.75,0.0,0.0,42.75,34.0
1036108800.0,1.8,7.2,0.0,1.0,20.4,24.4,0.0,0.0,0.8,0.0,1.0,0.0,0.0,1.0,0.0,6.0,3.8,75.0,0.0,0.0,0.0,2.0,0.0,3.6,0.0,8.4,0.0,12.0,0.0,0.0,52.0,5.2,0.0,0.0,9.4,96.2,0.0,5.8,0.0,0.0,0.2,834.2,724.4,0.0,320.8,12.8,0.0,1.6,14.4,0.0,0.0,37.6,35.0
1038700800.0,1.5,8.5,0.0,0.25,18.0,26.75,0.0,0.0,0.0,0.0,1.0,0.0,0.0,0.25,0.0,7.5,3.5,73.0,0.0,0.0,0.0,3.0,0.0,6.75,0.0,10.0,0.0,11.5,0.0,0.0,49.75,2.75,0.0,0.0,5.0,97.25,0.0,6.75,0.0,0.0,0.0,856.0,743.0,0.0,350.75,10.75,0.0,1.0,11.75,0.0,0.0,35.75,36.0
1041379200.0,1.0,8.4,0.0,1.6,14.2,31.0,0.0,0.0,0.0,0.0,1.0,0.0,0.0,0.0,0.0,9.0,3.6,72.4,0.0,0.0,0.0,3.0,0.0,7.6,0.0,10.4,0.0,11.0,0.0,0.0,49.6,0.8,0.0,0.2,4.0,101.0,0.0,7.6,0.0,0.0,0.0,853.6,742.6,0.0,354.2,7.6,0.0,0.8,9.8,0.0,0.0,32.8,37.0
1044057600.0,0.25,9.25,0.0,1.0,14.0,31.75,0.0,0.0,0.0,0.0,1.0,0.0,0.0,0.0,0.0,8.75,5.0,62.0,0.0,0.0,0.0,0.75,0.0,6.5,0.0,9.25,0.0,10.5,0.0,0.0,57.75,1.5,0.0,1.0,5.75,113.75,0.0,11.75,0.0,0.0,0.0,907.25,798.25,0.0,388.0,9.25,0.0,0.75,8.25,0.0,0.0,40.5,38.0
1046476800.0,1.0,10.75,0.0,1.0,14.5,29.5,0.0,0.0,0.0,0.0,0.25,0.0,0.0,0.0,0.0,9.75,6.25,69.25,0.0,0.0,0.0,0.5,0.0,8.25,0.0,10.0,0.0,12.0,0.0,0.0,64.5,3.0,0.0,0.75,5.75,116.75,0.0,8.5,0.0,0.0,0.0,941.0,836.0,0.0,401.5,13.0,0.0,1.0,8.75,0.0,0.0,39.5,39.0
1049155200.0,1.5,10.5,0.0,1.0,13.5,34.75,0.0,0.0,0.0,0.0,0.0,0.0,0.0,0.0,0.0,9.5,4.25,72.75,0.0,0.0,0.0,0.25,0.0,9.25,0.0,10.25,0.0,12.0,0.0,0.0,74.0,0.5,0.0,1.0,5.5,123.5,0.0,5.5,0.0,0.0,0.0,982.75,878.0,0.0,420.75,14.75,0.0,0.25,15.0,0.0,0.0,37.75,40.0
1051747200.0,3.0,8.6,0.0,0.0,14.0,37.4,0.0,0.0,0.0,0.0,0.0,0.0,0.0,0.0,0.0,10.6,3.8,69.8,0.0,0.0,0.0,1.2,0.0,7.6,0.0,11.0,0.0,14.0,0.0,0.0,71.0,2.0,0.0,1.0,6.8,127.8,0.0,8.2,0.0,0.0,0.0,1034.2,921.6,0.0,444.8,14.8,0.0,0.6,16.0,0.0,0.0,47.6,41.0
1054425600.0,3.0,7.75,0.0,0.0,18.25,37.0,0.0,0.0,1.0,0.0,0.0,0.0,0.0,0.0,0.0,10.75,3.5,70.25,0.0,0.0,0.0,4.0,0.0,8.75,0.0,15.5,0.0,13.75,0.0,0.0,69.0,0.75,0.25,0.75,8.0,128.75,0.0,11.25,0.0,0.0,0.5,1066.5,958.0,0.0,449.5,15.25,0.0,1.5,16.5,0.0,0.0,62.5,42.0
1057017600.0,2.75,7.25,0.0,0.0,19.5,40.25,0.0,0.0,0.75,0.0,0.0,0.0,0.0,0.0,0.0,11.25,3.75,75.5,0.0,0.0,0.0,5.5,0.0,9.75,0.0,17.75,0.0,14.75,0.0,0.0,62.25,2.25,0.0,1.0,8.5,129.75,0.0,12.5,0.0,0.0,1.0,1080.5,973.5,0.0,449.5,17.5,0.0,2.0,17.0,0.0,0.0,61.5,43.0
1059696000.0,2.0,6.0,0.0,0.8,20.8,42.8,0.0,0.0,0.0,0.0,0.0,0.0,0.0,0.0,0.0,6.6,3.8,69.4,0.0,0.0,0.0,5.2,0.0,7.4,0.0,19.4,0.0,13.8,0.0,0.0,62.4,3.8,0.0,2.0,9.4,138.0,0.0,11.0,0.0,0.0,0.6,1090.2,980.4,0.0,458.6,14.2,0.0,2.0,16.6,0.0,0.0,63.8,44.0
1062374400.0,2.0,7.25,0.0,1.0,20.75,47.5,0.0,0.0,0.0,0.0,0.0,0.0,0.0,0.0,0.0,6.75,5.5,72.25,0.0,0.0,0.0,4.0,0.0,7.0,0.0,17.0,0.0,14.75,0.0,0.0,67.75,4.0,0.0,2.0,10.0,139.25,0.0,11.0,0.0,0.0,0.0,1093.25,984.5,0.0,449.5,10.0,0.0,1.25,19.25,0.0,0.0,64.75,45.0
1064966400.0,1.0,8.8,0.0,1.4,22.8,46.2,0.0,0.0,0.0,0.0,0.0,0.0,0.0,0.0,0.0,7.6,4.4,79.2,0.0,0.0,0.0,4.0,0.0,7.8,0.0,16.2,0.0,17.8,0.0,0.0,65.4,5.0,0.0,1.4,10.0,140.2,0.0,12.0,0.0,0.0,0.0,1102.4,996.4,0.0,445.2,12.4,0.0,1.0,17.6,0.0,0.0,69.0,46.0
1067644800.0,1.0,9.75,0.0,9.0,22.25,44.0,0.0,0.0,0.0,0.0,0.0,0.0,0.0,0.0,0.0,8.0,4.0,77.5,0.0,0.0,0.0,4.0,0.0,8.25,0.0,15.25,0.0,17.25,0.0,0.0,65.0,4.75,0.0,1.0,8.75,140.75,0.0,11.5,0.0,0.0,0.75,1111.25,1005.5,0.0,455.25,13.75,0.0,0.0,21.0,0.0,0.0,62.75,47.0
1070236800.0,1.0,12.0,0.0,8.8,20.8,43.8,0.0,0.0,0.0,0.0,0.0,0.0,0.0,0.0,0.0,5.6,3.6,77.6,0.0,0.0,0.0,4.2,0.0,8.6,0.0,16.0,0.0,12.6,0.0,0.0,68.2,4.6,0.0,2.6,6.0,141.4,0.0,10.6,0.0,0.0,0.0,1114.4,1009.4,0.0,458.8,19.6,0.0,0.0,20.6,0.0,0.0,62.4,48.0
1072915200.0,2.0,9.5,0.0,8.75,19.5,45.25,0.0,0.0,0.0,0.0,0.0,0.0,0.0,0.0,0.0,6.75,1.5,76.5,0.0,0.0,0.0,4.0,0.0,8.0,0.0,16.25,0.0,11.75,0.0,0.0,66.0,6.0,0.0,2.25,6.0,147.0,0.0,12.75,0.0,0.0,0.0,1101.0,1001.0,0.25,442.5,21.5,0.0,0.0,18.0,0.0,0.0,69.0,49.0
1075593600.0,2.5,11.25,0.0,7.0,18.5,45.5,0.0,0.0,0.0,0.0,0.0,0.0,0.0,0.0,0.0,6.75,1.5,82.5,0.0,0.0,0.0,3.0,0.0,8.5,0.0,14.0,0.0,11.25,0.0,0.0,61.0,5.75,0.0,1.75,7.0,148.75,0.0,12.25,0.0,0.0,0.5,1119.0,1020.25,1.0,470.5,20.0,0.0,0.0,15.75,0.0,0.0,63.75,50.0
1078099200.0,2.75,11.75,0.0,7.0,18.5,50.0,0.0,0.0,0.0,0.0,0.0,0.0,0.0,0.0,0.0,6.25,2.75,85.5,0.0,0.0,0.0,2.0,0.0,6.75,0.0,16.0,0.0,13.25,0.0,0.0,65.75,6.25,0.0,1.0,10.0,153.5,0.0,8.25,0.0,0.0,0.25,1135.25,1041.75,0.75,476.75,20.25,0.0,0.0,14.0,0.0,0.0,62.5,51.0
1080777600.0,3.0,10.2,0.0,5.4,22.6,51.2,0.0,0.0,0.0,0.0,0.0,0.0,0.0,0.0,0.0,6.0,4.4,89.0,0.0,0.0,0.0,2.8,0.0,6.6,0.0,17.8,0.0,11.8,0.0,0.0,61.8,4.8,0.2,1.0,8.4,164.8,0.0,4.4,0.0,0.0,0.6,1151.0,1057.8,0.0,487.4,20.2,0.0,0.8,11.6,0.0,0.0,61.0,52.0
1083369600.0,3.0,7.25,0.0,5.0,22.0,51.5,0.0,0.0,0.0,0.0,0.0,0.0,0.0,0.0,0.0,6.5,5.0,84.25,0.0,0.0,0.0,3.0,0.0,10.25,0.0,19.75,0.0,14.25,0.0,0.0,64.5,5.0,1.0,1.0,8.0,158.0,0.0,5.75,0.0,0.0,1.5,1164.0,1068.75,0.0,492.5,20.0,0.0,1.0,11.5,0.0,0.0,67.25,53.0
1086048000.0,2.25,6.75,0.0,4.25,20.75,51.0,0.0,0.0,0.0,0.0,0.0,0.0,0.0,0.0,0.0,7.0,5.25,85.25,0.0,0.0,0.0,3.0,0.0,11.25,0.0,19.5,0.0,11.25,0.0,0.0,67.75,3.25,1.0,1.75,5.0,167.5,0.0,7.0,0.0,0.0,2.0,1175.5,1080.25,0.0,484.75,20.0,0.0,1.0,14.0,0.0,0.0,77.75,54.0
1088640000.0,2.0,10.0,0.0,6.6,21.0,52.0,0.0,0.0,0.0,0.0,0.0,0.0,0.0,0.0,0.0,7.8,5.0,85.2,0.0,0.0,0.0,3.0,0.0,12.0,0.0,22.0,0.0,13.8,0.0,0.0,66.0,4.0,1.4,2.0,5.0,171.8,0.0,9.0,0.0,0.0,1.0,1212.8,1115.2,1.0,493.6,20.8,0.0,1.0,15.0,0.0,0.0,83.2,55.0
1091318400.0,2.75,9.5,0.0,6.0,20.25,59.75,0.0,0.0,0.0,0.0,0.0,0.0,0.0,0.0,0.0,5.0,6.0,91.0,0.0,0.0,0.0,3.0,0.0,11.25,0.0,22.25,0.0,17.25,0.0,0.0,64.25,3.5,1.75,2.0,5.0,169.75,0.0,10.5,0.0,0.0,0.25,1234.0,1139.0,0.0,505.25,22.0,0.0,1.0,15.5,0.0,0.0,84.25,56.0
1093996800.0,2.5,8.5,0.0,6.25,19.5,60.5,0.0,0.0,0.0,0.0,0.0,0.0,0.0,0.0,0.0,5.0,6.75,91.75,0.0,0.0,0.0,3.0,0.0,10.5,0.0,22.0,0.0,17.25,0.0,0.0,72.75,2.0,1.25,2.0,5.0,167.0,0.0,11.25,0.0,0.0,0.0,1240.0,1148.5,0.0,509.75,22.0,0.0,1.75,15.25,0.0,0.0,85.0,57.0
1096588800.0,2.0,11.2,0.0,8.4,20.6,59.4,0.0,0.0,0.0,0.0,0.0,0.0,0.0,0.0,0.0,7.4,5.6,97.6,0.0,0.0,0.0,3.0,0.0,10.4,0.0,22.0,0.0,18.4,0.0,0.0,67.4,4.6,1.0,1.8,5.0,158.6,0.0,9.0,0.0,0.0,0.0,1239.8,1145.0,0.0,508.8,22.4,0.0,2.0,16.4,0.0,0.0,82.0,58.0
1099267200.0,1.0,10.25,0.0,5.75,20.0,60.5,0.0,0.0,0.5,0.0,0.0,0.0,0.0,0.0,0.0,7.0,5.25,96.5,0.0,0.0,0.0,3.0,0.0,11.5,0.0,21.75,0.0,22.75,0.0,0.0,73.5,7.5,1.0,1.0,6.25,157.5,0.0,9.0,0.0,0.0,0.0,1261.5,1161.25,0.0,523.25,24.5,0.0,2.0,16.75,0.0,0.0,73.25,59.0
1101859200.0,1.0,9.0,0.0,5.4,20.6,63.6,0.0,0.0,1.0,0.0,0.0,0.0,0.0,0.0,0.0,8.4,3.8,87.8,0.0,0.0,0.0,3.0,0.0,10.8,0.0,24.6,0.0,17.8,0.0,0.0,74.2,6.4,1.0,1.0,10.0,144.4,0.0,8.6,0.0,0.0,0.0,1245.8,1139.4,0.0,519.8,24.0,0.0,2.0,16.6,0.0,0.0,74.6,60.0
1104537600.0,3.0,7.5,0.0,4.0,20.0,65.25,0.0,0.0,1.0,0.0,0.0,0.0,0.0,0.0,0.0,8.0,3.75,86.25,0.0,0.0,0.0,3.0,0.0,7.25,0.0,22.0,0.0,19.5,0.0,0.0,73.5,6.5,0.0,1.0,10.0,149.75,0.0,9.75,0.0,0.0,0.0,1254.75,1152.25,0.0,528.75,29.25,0.0,1.25,16.25,0.0,0.0,75.75,61.0
1107216000.0,2.25,9.75,0.0,0.0,21.25,69.75,0.0,0.0,1.0,0.0,0.0,0.0,0.0,0.0,0.0,8.0,3.5,101.75,0.0,0.0,0.0,3.0,0.0,8.75,0.0,24.0,0.0,17.75,0.0,0.0,70.0,2.5,0.0,0.75,10.0,153.5,0.0,11.0,0.0,0.0,0.75,1276.0,1172.25,0.0,539.5,29.25,0.0,1.0,15.5,0.0,0.0,67.75,62.0
1109635200.0,0.5,9.75,0.0,3.5,22.0,72.5,0.0,0.0,0.25,0.0,0.0,0.0,0.0,0.0,0.0,6.75,3.75,109.75,0.0,0.0,0.0,3.0,0.0,11.0,0.0,22.25,0.0,15.75,0.0,0.0,72.5,5.25,0.0,1.0,9.25,149.5,0.0,10.5,0.0,0.0,1.75,1305.75,1209.5,0.0,566.5,27.0,0.0,2.75,10.75,0.0,0.0,72.0,63.0
1112313600.0,3.2,10.2,0.0,6.2,24.0,69.2,0.0,0.0,0.4,0.0,0.0,0.0,0.0,0.0,0.0,5.8,4.0,103.4,0.0,0.0,0.0,3.0,0.0,9.4,0.0,25.6,0.0,14.6,0.0,0.0,80.6,5.2,0.0,0.2,9.0,152.8,0.0,9.0,0.0,0.0,2.0,1334.4,1241.8,0.0,584.6,30.0,0.0,3.0,11.6,0.0,0.0,74.8,64.0
1114905600.0,2.5,8.25,0.0,4.25,22.5,65.0,0.0,0.0,1.0,0.0,0.75,0.0,0.0,0.0,0.0,6.0,4.0,96.75,0.0,0.0,0.0,3.0,0.0,10.75,0.0,25.75,0.0,16.0,0.0,0.0,83.0,4.5,0.0,0.5,9.0,150.25,0.0,10.0,0.0,0.0,2.5,1319.5,1229.25,0.0,591.25,25.0,0.0,3.5,13.0,0.0,0.0,70.25,65.0
1117584000.0,2.25,9.75,0.0,10.75,21.5,69.25,0.0,0.0,0.75,0.0,1.0,0.0,0.0,0.0,0.0,6.5,4.0,101.75,0.0,0.0,0.0,3.0,0.0,12.75,0.0,24.25,0.0,16.0,0.0,0.0,77.0,4.0,0.0,3.5,9.0,150.0,0.0,12.75,0.0,0.0,1.5,1355.0,1259.0,0.0,602.0,27.25,0.0,4.0,13.75,0.0,0.0,70.75,66.0
1120176000.0,2.0,9.0,0.0,13.2,21.0,69.0,0.0,0.0,1.0,0.0,1.0,0.0,0.0,0.0,0.0,5.8,4.0,105.6,0.0,0.0,0.0,3.0,0.0,14.0,0.0,22.6,0.0,21.0,0.0,0.0,83.4,3.8,0.0,3.8,9.0,149.0,0.0,18.0,0.0,0.0,2.2,1398.0,1296.6,0.0,611.6,27.0,0.0,4.0,15.0,0.0,0.0,77.6,67.0
1122854400.0,3.0,9.5,0.0,12.5,23.75,74.75,0.0,0.0,1.0,0.0,1.0,0.0,0.0,0.0,0.0,6.75,4.75,111.25,0.0,0.0,0.0,3.0,0.0,12.25,0.0,25.25,0.0,23.75,0.0,0.0,81.25,4.0,0.0,3.5,9.0,158.75,0.5,19.0,0.0,0.0,2.25,1435.5,1333.25,0.0,619.25,25.25,0.0,3.25,15.0,0.0,0.0,79.75,68.0
1125532800.0,4.2,7.8,0.0,12.0,23.4,78.0,0.0,0.0,1.0,0.0,1.0,0.0,0.0,0.0,0.0,7.2,6.2,110.8,0.0,0.0,0.0,2.8,0.0,9.8,0.0,23.2,0.0,28.0,0.0,0.0,91.6,4.4,0.0,2.6,9.0,152.6,1.0,15.4,0.0,0.0,3.8,1451.6,1360.4,0.0,630.2,26.4,0.0,1.8,21.4,0.0,0.0,84.8,69.0
1128124800.0,5.5,9.0,0.0,14.0,22.5,86.25,0.0,0.0,1.0,0.0,1.0,0.0,0.0,0.0,0.0,7.0,7.0,104.25,0.0,0.0,0.0,2.0,0.0,9.0,0.0,24.0,0.0,23.75,0.0,0.0,95.0,3.25,0.0,2.25,9.0,154.75,1.0,13.5,0.0,0.0,3.5,1479.25,1392.0,0.0,655.75,26.0,0.0,1.0,25.5,0.0,0.0,85.25,70.0
1130803200.0,5.75,9.25,0.0,14.0,26.5,84.5,0.0,0.0,0.25,0.0,0.5,0.0,0.0,0.0,0.0,6.25,5.5,108.75,0.0,0.0,0.0,1.5,0.0,10.75,0.0,24.75,0.0,24.5,0.0,0.0,88.5,4.0,0.0,2.0,9.0,153.0,1.0,13.25,0.0,0.0,2.25,1486.0,1402.5,0.0,660.5,29.75,0.0,1.75,25.0,0.0,0.0,89.75,71.0
1133395200.0,6.0,10.2,0.0,15.4,27.2,83.0,0.0,0.0,0.0,0.0,0.0,0.0,0.0,0.0,0.0,6.8,5.6,103.0,0.0,0.0,0.0,1.4,0.0,7.4,0.0,24.8,0.0,23.0,0.0,0.0,92.8,4.6,0.0,2.0,9.0,152.2,0.6,15.2,0.0,0.0,1.4,1470.4,1393.2,0.0,655.6,29.8,0.0,1.4,24.8,0.0,0.0,90.0,72.0
1136073600.0,5.0,10.5,0.0,15.75,28.75,84.25,0.0,0.0,0.0,0.0,0.0,0.0,0.0,0.0,0.0,7.0,6.0,108.75,0.0,0.0,0.0,2.5,0.0,5.75,0.0,24.5,0.0,26.75,0.0,0.0,90.0,3.75,0.0,2.0,9.0,152.75,0.0,15.5,0.0,0.0,1.0,1472.5,1396.0,0.0,653.75,29.0,0.0,1.0,25.0,0.0,0.0,87.75,73.0
1138752000.0,5.75,10.25,0.0,18.75,29.0,83.5,0.0,0.0,0.0,0.0,0.0,0.0,0.0,0.0,0.0,6.75,6.0,112.75,0.0,0.0,0.0,1.5,0.0,5.5,0.0,23.5,0.0,27.25,0.0,0.0,97.25,4.0,0.0,2.0,9.0,169.25,0.0,16.0,0.0,0.0,0.5,1533.25,1454.0,0.0,673.75,30.0,0.0,1.0,25.0,0.0,0.0,95.75,74.0
1141171200.0,3.8,9.0,0.0,20.2,30.2,81.2,0.0,0.0,0.0,0.0,0.0,0.0,0.0,0.0,0.0,5.4,6.0,112.4,0.0,0.0,0.0,1.4,0.0,6.4,0.0,22.8,0.0,28.2,0.0,0.0,98.0,3.8,0.0,1.0,6.8,167.2,0.0,15.2,0.0,0.0,0.2,1551.2,1463.6,0.0,685.0,35.2,0.0,1.0,25.6,0.0,0.0,97.6,75.0
1143849600.0,4.25,8.0,0.0,18.5,28.25,84.5,0.0,0.0,0.0,0.0,0.0,0.0,0.0,0.0,0.0,6.75,5.75,109.75,0.0,0.0,0.0,1.5,0.0,6.5,0.0,23.5,0.0,29.0,0.0,0.0,95.25,4.25,0.0,0.25,7.0,173.5,0.0,14.25,0.0,0.0,1.25,1597.0,1502.25,0.0,712.25,36.75,0.0,1.0,26.25,0.75,0.0,103.25,76.0
1146441600.0,4.75,8.25,0.0,21.75,27.25,89.25,0.0,0.0,0.0,0.0,0.0,0.0,0.0,0.0,0.0,7.0,5.75,115.5,0.0,0.0,0.0,2.0,0.0,7.5,0.0,22.0,0.0,28.5,0.0,0.0,98.5,5.75,0.0,0.25,6.0,178.5,0.0,15.5,0.0,0.0,1.25,1635.0,1535.5,0.0,726.25,39.0,0.0,1.0,25.0,1.0,0.0,98.0,77.0
1149120000.0,3.4,8.8,0.0,23.0,29.0,89.4,0.0,0.0,0.0,0.0,0.0,0.0,0.0,0.0,0.0,10.0,6.0,114.6,0.0,0.0,0.0,2.0,0.0,9.6,0.0,24.6,0.0,30.2,0.0,0.0,98.2,5.8,0.0,1.2,6.0,182.6,0.0,17.0,0.0,0.0,1.2,1665.0,1570.2,0.0,736.8,42.4,0.0,1.0,24.6,1.0,0.0,101.8,78.0
1151712000.0,4.0,8.25,0.0,25.25,28.75,91.75,0.0,0.0,0.0,0.0,0.0,0.0,0.0,0.0,0.0,15.25,6.0,108.5,0.0,0.0,0.0,3.75,0.0,9.5,0.0,21.5,0.0,30.5,0.0,0.0,91.75,6.0,0.0,2.0,6.25,187.75,0.0,17.0,0.0,0.0,1.0,1681.0,1586.75,0.0,746.75,42.25,0.0,0.75,27.25,1.0,0.0,104.0,79.0
1154390400.0,3.75,6.5,0.0,27.5,28.75,93.25,0.0,0.0,0.0,0.0,0.5,0.25,0.0,0.0,0.0,15.25,6.25,112.0,0.0,0.0,0.0,3.25,0.0,12.25,0.0,21.25,0.0,33.0,0.0,0.0,92.75,6.75,0.0,2.0,5.75,194.75,0.0,15.0,0.0,0.0,1.5,1737.75,1638.5,0.0,775.5,44.5,0.0,0.0,27.5,1.0,0.0,107.75,80.0
1157068800.0,2.8,6.2,0.0,26.8,28.0,94.2,0.0,0.0,0.0,0.2,1.0,0.8,0.0,0.4,0.0,8.8,8.8,122.0,0.0,0.4,0.0,2.2,0.0,13.2,0.0,17.4,0.0,36.6,0.0,0.0,90.4,7.2,0.0,1.2,7.8,192.8,0.2,14.8,0.0,0.0,2.6,1739.0,1646.6,0.8,778.4,45.2,0.0,0.8,25.0,1.0,0.0,108.6,81.0
1159660800.0,3.75,6.5,0.0,25.75,30.75,92.0,0.0,0.0,0.0,0.0,1.0,0.75,0.0,0.0,0.0,9.75,12.5,120.25,0.0,0.75,0.0,1.5,0.0,13.0,0.0,17.0,0.0,36.75,0.0,0.0,89.0,7.75,0.0,1.75,8.75,184.25,1.0,14.75,0.0,0.0,1.0,1733.75,1643.5,1.0,783.25,45.0,0.0,0.25,28.75,1.0,0.0,104.0,82.0
1162339200.0,3.5,6.0,0.0,27.5,31.5,88.25,0.0,0.0,0.0,0.0,1.0,1.0,0.0,0.0,0.0,11.25,9.5,121.25,0.0,0.0,0.0,2.25,0.0,14.75,0.0,17.5,0.0,37.25,0.0,0.0,91.5,10.75,0.0,1.0,8.0,181.25,1.0,15.0,0.0,0.0,1.0,1706.25,1619.5,1.5,767.25,46.75,0.0,0.5,27.25,1.0,0.0,93.25,83.0
1164931200.0,2.6,7.6,0.0,35.0,30.8,91.2,0.0,0.0,0.0,0.0,1.0,1.0,0.0,0.0,0.0,11.8,7.6,122.8,0.0,0.0,0.0,2.2,0.0,18.0,0.0,20.0,0.0,34.4,0.0,0.0,92.2,10.2,0.0,1.0,10.0,178.6,0.2,18.0,0.0,0.0,1.0,1718.0,1634.0,3.2,769.6,44.4,0.0,1.6,30.6,1.0,0.0,86.4,84.0
1167609600.0,4.0,9.0,0.0,37.25,31.75,95.75,0.0,0.0,0.0,0.0,1.0,1.0,0.0,0.5,0.0,14.0,8.5,116.75,0.0,0.0,0.0,1.25,0.0,18.0,0.0,18.75,0.0,34.0,0.0,0.0,88.0,9.25,0.0,0.0,11.5,174.5,0.0,15.25,0.0,0.0,0.25,1714.0,1630.25,4.0,778.0,44.5,0.0,1.75,28.75,0.0,0.0,83.0,85.0
1170288000.0,3.0,11.25,0.0,39.25,29.25,94.25,0.0,0.0,0.0,0.0,0.0,1.0,0.0,1.0,0.0,13.0,9.5,124.25,0.0,0.0,0.0,0.75,0.0,18.0,0.0,20.0,0.0,32.75,0.0,0.0,84.0,9.0,0.0,0.5,12.75,178.75,0.0,13.5,0.0,0.0,0.0,1736.25,1651.0,4.5,801.5,44.75,0.0,2.75,29.25,0.0,0.0,72.5,86.0
1172707200.0,2.4,12.2,0.0,43.8,29.0,98.4,0.0,0.0,0.0,0.0,0.0,1.0,0.0,1.4,0.0,14.2,10.6,124.8,0.0,0.0,0.0,2.0,0.0,18.2,0.0,21.0,0.0,31.2,0.0,0.0,73.4,8.0,0.0,1.8,13.8,181.8,0.0,15.0,0.0,0.0,0.8,1748.6,1667.4,4.0,809.4,42.8,0.0,2.0,28.0,0.0,0.0,76.4,87.0
1175385600.0,3.0,9.5,0.0,42.75,32.0,108.5,0.0,0.0,0.0,0.0,0.0,1.0,0.0,2.0,0.0,13.75,8.5,123.75,0.0,0.0,0.0,2.0,0.0,18.75,0.0,21.5,0.0,32.25,0.0,0.0,75.0,6.25,0.0,2.0,13.5,176.5,0.0,15.5,0.0,0.0,1.75,1750.0,1675.0,3.5,813.75,42.75,0.0,2.5,30.5,0.0,0.0,72.25,88.0
1177977600.0,3.75,7.5,0.0,43.5,31.5,106.75,0.0,0.0,0.0,0.0,0.0,0.0,0.0,2.25,0.0,13.25,7.5,115.5,0.0,0.0,0.0,1.25,0.0,13.75,0.0,20.0,0.0,33.5,0.0,0.0,77.75,5.0,0.0,2.25,12.75,186.0,0.0,14.25,0.0,0.0,2.5,1747.75,1671.25,3.5,817.5,41.5,0.0,3.0,33.5,0.25,0.0,71.5,89.0
1180656000.0,6.0,7.6,0.0,45.4,32.4,107.6,0.0,0.0,0.0,0.0,0.0,0.0,0.0,2.2,0.0,12.6,8.0,108.8,0.0,0.0,0.0,0.8,0.0,13.8,0.0,17.6,0.0,35.4,0.0,0.0,81.2,5.0,0.4,2.8,13.0,193.2,0.0,13.2,0.0,0.0,4.0,1770.6,1691.6,3.2,823.4,38.6,0.0,3.0,34.8,1.0,0.0,76.6,90.0
1183248000.0,4.5,8.25,0.0,50.25,36.0,106.75,0.0,0.0,0.0,0.0,0.0,0.0,0.0,3.25,0.0,13.0,10.0,114.25,0.0,1.0,0.0,2.0,0.0,14.5,0.0,19.75,0.0,37.0,0.0,0.0,83.5,5.0,0.0,3.5,13.0,188.5,0.0,12.5,0.0,0.0,3.5,1777.0,1698.5,4.5,823.25,37.5,0.0,1.75,30.25,1.0,0.0,70.25,91.0
1185926400.0,4.2,5.0,0.0,49.8,35.2,113.0,0.0,0.0,0.0,0.0,0.0,0.0,0.6,3.8,0.0,14.2,9.2,115.0,0.0,1.0,0.0,3.0,0.0,12.4,0.0,18.2,0.0,41.2,0.0,0.0,85.8,5.8,0.0,2.0,13.6,191.8,0.0,17.0,0.0,0.0,2.6,1803.8,1730.8,5.0,836.8,37.8,0.0,2.2,32.4,1.0,0.0,71.2,92.0
1188604800.0,4.0,5.25,0.0,48.5,34.25,115.75,0.0,0.0,0.0,0.0,0.0,0.0,0.75,1.5,0.0,13.75,11.25,112.5,0.0,1.0,0.0,1.5,0.0,11.25,0.0,13.25,0.0,42.5,0.0,0.0,73.75,6.25,0.0,3.0,14.25,194.5,0.0,16.25,0.0,0.0,1.5,1782.5,1717.75,5.0,830.75,41.5,0.0,3.0,33.0,0.5,0.0,77.5,93.0
1191196800.0,5.25,6.25,0.0,48.25,39.75,110.5,0.0,0.0,0.0,0.0,0.0,0.0,0.0,2.0,0.0,13.75,10.25,110.25,0.0,1.0,0.0,1.0,0.0,11.5,0.0,12.0,0.0,46.0,0.0,0.0,69.0,7.0,0.75,2.75,13.75,194.25,0.0,17.75,0.0,0.0,0.5,1761.5,1712.5,5.25,835.25,44.75,0.0,2.75,31.25,0.0,0.0,69.75,94.0
1193875200.0,4.4,9.6,0.0,49.2,38.8,113.0,0.0,0.0,0.0,0.0,0.0,0.0,0.0,2.0,0.0,15.0,6.6,115.6,0.0,1.0,0.0,1.0,0.0,7.8,0.0,10.4,0.0,49.0,0.0,0.0,71.4,5.2,0.0,3.0,13.6,197.8,0.0,17.6,0.0,0.0,0.0,1797.8,1736.2,6.0,851.0,41.0,0.0,2.8,31.6,0.0,0.0,71.8,95.0
1196467200.0,4.5,9.0,0.0,45.25,35.25,109.0,0.0,0.0,0.0,0.0,0.0,0.0,0.0,2.0,0.0,15.0,8.0,111.5,0.0,1.0,0.0,0.75,0.0,10.75,0.0,10.25,0.0,51.25,0.0,0.0,74.0,5.0,0.0,3.0,12.5,197.75,0.0,19.0,0.0,0.0,0.0,1810.75,1749.0,6.0,872.25,36.5,0.0,4.0,36.0,0.0,0.0,69.5,96.0
1199145600.0,2.5,7.0,0.0,45.25,39.0,99.5,0.0,0.0,0.0,0.0,0.0,0.0,0.0,1.0,0.0,14.0,8.25,101.0,0.0,1.0,0.0,1.0,0.0,10.0,0.0,11.5,0.0,48.25,0.0,0.0,69.5,4.5,0.0,3.5,10.5,192.25,0.0,19.75,0.0,0.0,0.5,1749.25,1689.75,6.0,848.25,38.0,0.0,3.75,30.5,0.0,0.0,73.5,97.0
1201824000.0,3.0,8.8,0.0,41.0,32.4,114.6,0.0,0.0,0.0,0.0,0.0,0.0,0.0,1.0,0.0,10.4,8.6,94.2,0.0,0.2,0.0,0.6,0.0,10.6,0.0,10.8,0.0,54.2,0.0,0.0,68.0,6.2,0.2,4.2,11.6,195.8,0.0,19.2,0.0,0.0,1.0,1765.0,1708.8,6.0,859.6,42.0,0.0,3.0,28.6,0.0,0.0,73.0,98.0
1204329600.0,4.5,8.25,0.0,39.75,33.75,118.25,0.0,0.0,0.0,0.0,0.0,0.0,0.0,2.0,0.0,11.0,11.0,93.5,0.0,0.0,0.0,1.0,0.0,12.25,0.0,10.75,0.0,57.25,0.0,0.0,72.0,5.75,0.25,4.0,12.5,205.5,0.0,20.5,0.0,0.0,2.0,1796.5,1737.0,3.5,874.0,40.5,0.0,3.5,23.5,0.0,0.0,66.25,99.0
1207008000.0,5.5,6.75,0.5,43.0,35.25,123.25,0.0,0.0,0.0,0.0,0.0,0.0,0.0,2.0,0.0,11.75,11.25,90.5,0.0,0.25,0.0,0.0,0.0,11.0,0.0,12.0,0.0,56.75,0.0,0.0,78.25,7.25,0.0,3.0,12.0,211.0,0.5,22.0,0.0,0.0,2.25,1828.5,1764.5,3.5,879.0,39.75,0.0,4.5,23.25,0.0,0.0,68.5,100.0
1209600000.0,5.6,5.2,1.0,45.6,39.2,119.0,0.0,0.0,0.0,0.0,0.0,0.0,0.8,2.0,0.0,9.8,10.0,95.2,0.0,0.6,0.0,1.0,0.0,12.0,0.0,10.6,0.0,64.6,0.0,0.0,76.2,7.4,0.0,2.4,11.6,208.0,1.6,19.2,0.0,0.0,2.4,1862.6,1794.4,5.0,895.6,40.2,0.0,5.6,26.0,0.2,0.0,70.8,101.0
1212278400.0,3.0,6.5,0.25,49.5,42.5,108.0,0.0,0.0,0.0,0.0,0.0,0.0,0.25,1.5,0.0,9.0,11.0,113.0,0.0,1.0,0.0,1.0,0.0,12.25,0.0,12.75,0.0,70.5,0.0,0.0,78.25,6.5,0.0,2.0,12.5,206.75,1.0,20.25,0.0,0.0,2.0,1901.5,1834.25,4.75,911.75,40.75,0.0,5.0,26.0,1.25,0.0,73.5,102.0
1214870400.0,3.5,6.0,0.0,58.5,43.0,109.0,0.0,0.0,0.0,0.0,0.0,0.0,1.0,2.0,0.0,11.25,10.75,123.5,0.0,1.0,0.0,1.25,0.0,10.5,0.0,12.5,0.0,69.0,0.0,0.0,83.0,5.0,0.0,1.0,13.0,205.25,1.0,24.5,0.0,0.0,2.0,1932.0,1865.5,1.75,912.0,46.5,0.0,6.5,24.25,1.0,0.0,76.0,103.0
1217548800.0,5.2,5.8,0.0,56.8,46.2,115.8,0.0,0.0,0.2,0.0,0.0,0.0,1.0,2.0,0.0,10.8,11.4,134.2,0.0,0.2,0.0,2.0,0.0,12.4,0.0,12.4,0.0,73.4,0.0,0.0,85.8,6.8,0.6,0.0,11.6,210.0,1.0,25.2,0.0,0.0,2.0,1987.4,1920.0,2.0,926.6,48.8,0.0,7.2,26.4,1.0,0.0,75.2,104.0
1220227200.0,4.5,7.75,0.0,58.75,46.5,115.0,0.0,0.0,1.0,0.0,0.0,0.0,0.25,2.0,0.0,10.75,12.0,130.25,0.0,0.0,0.0,2.0,0.0,16.0,0.0,10.5,0.0,74.25,0.0,0.0,91.0,7.25,0.25,3.0,10.0,212.0,1.0,27.25,0.0,0.0,1.25,2014.25,1942.0,2.0,935.5,44.75,0.0,6.0,28.0,1.0,0.0,80.25,105.0
1222819200.0,3.6,5.0,0.0,56.6,45.6,116.4,0.0,0.0,0.8,0.0,0.0,0.0,1.0,2.0,0.0,11.8,12.0,132.2,0.0,0.0,0.0,2.0,0.0,16.0,0.0,8.8,0.0,78.2,0.0,0.0,93.2,6.0,0.0,4.0,10.0,196.2,1.0,26.6,0.0,0.0,1.4,1976.0,1902.8,2.8,916.8,39.2,0.0,5.4,29.8,1.0,0.0,77.4,106.0
1225497600.0,3.25,7.5,0.0,57.5,43.5,123.0,0.0,0.0,0.0,0.0,0.0,0.0,1.0,2.0,0.0,10.0,9.75,137.5,0.0,0.0,0.0,1.0,0.0,15.5,0.0,6.75,0.0,89.0,0.0,0.0,78.75,4.75,0.0,6.75,12.0,187.5,0.5,27.75,0.0,0.0,0.75,1935.0,1872.5,2.25,891.75,43.5,0.0,4.5,26.25,1.0,0.0,77.25,107.0
1228089600.0,2.5,9.25,0.0,53.5,38.0,103.75,0.0,0.0,0.0,0.0,0.0,0.0,0.25,2.0,0.0,16.0,9.25,122.25,0.0,0.0,0.0,0.0,0.0,19.25,0.0,9.25,0.0,82.5,0.0,0.0,66.75,4.0,0.0,6.0,12.0,166.75,0.0,24.75,0.0,0.0,1.0,1781.75,1716.0,4.0,818.75,34.75,0.0,3.5,30.0,1.0,0.0,75.0,108.0
1230768000.0,1.4,9.4,0.0,49.2,31.2,86.8,0.0,0.0,0.0,0.0,0.0,0.0,0.0,2.6,0.0,19.6,8.0,122.4,0.0,0.0,0.0,0.0,0.0,14.2,0.0,6.2,0.0,68.2,0.0,0.0,58.0,2.6,0.0,4.8,9.6,152.2,0.0,22.8,0.0,0.0,0.0,1553.4,1487.0,3.0,695.2,28.6,0.0,2.8,25.6,1.4,0.0,61.2,109.0
1233446400.0,1.25,8.75,0.0,50.0,23.25,68.25,0.0,0.0,0.0,0.0,0.0,0.0,0.75,2.0,0.0,16.0,11.0,107.5,0.0,0.0,0.0,0.0,0.0,12.0,0.0,3.5,0.0,62.5,0.0,0.0,47.0,2.75,0.0,5.5,8.0,129.75,0.0,23.75,0.0,0.0,0.0,1320.25,1263.75,4.0,568.25,24.0,0.0,4.0,26.0,1.75,0.0,52.25,110.0
1235865600.0,1.0,10.25,0.0,46.5,21.25,58.75,0.0,0.0,0.0,0.0,0.0,0.0,1.0,1.75,0.0,18.5,10.5,94.25,0.0,0.0,0.0,0.0,0.0,12.0,0.0,2.25,0.0,49.75,0.0,0.0,40.5,2.5,0.0,5.0,7.0,112.75,0.0,26.75,0.0,0.0,0.0,1105.0,1059.25,3.5,440.75,21.25,0.0,3.0,22.75,2.0,0.0,43.75,111.0
1238544000.0,1.5,9.0,0.0,46.25,18.0,51.75,0.0,0.0,0.0,0.0,0.0,0.0,1.0,0.25,0.0,18.25,8.25,93.25,0.0,0.0,0.0,0.0,0.0,9.75,0.0,0.25,0.0,42.75,0.0,0.0,32.5,1.0,0.0,5.0,7.0,97.25,0.0,30.25,0.0,0.0,0.25,994.5,947.0,3.0,389.25,17.25,0.0,3.5,22.5,1.75,0.0,36.25,112.0
1241136000.0,2.0,5.2,0.0,45.4,18.8,44.6,0.0,0.0,0.0,0.0,0.0,0.0,1.0,1.0,0.0,16.6,9.8,93.4,0.0,0.0,0.0,0.0,0.0,9.4,0.0,0.6,0.0,35.2,0.0,0.0,34.0,1.0,1.0,4.4,7.4,81.6,0.0,29.8,0.0,0.0,0.6,918.0,864.2,1.2,343.4,14.4,0.0,4.6,22.6,0.8,0.0,34.4,113.0
1243814400.0,2.75,5.0,0.0,44.25,21.25,43.5,0.0,0.0,0.0,0.0,1.0,0.0,0.75,2.5,0.0,17.5,9.25,92.25,0.0,0.0,0.0,0.0,0.0,8.75,0.0,0.0,0.0,35.75,0.0,0.0,36.5,2.0,0.0,2.25,8.0,77.0,0.0,38.25,0.0,0.0,0.0,894.75,847.75,0.0,327.5,15.0,0.0,5.0,21.0,0.0,0.0,30.75,114.0
1246406400.0,3.0,5.4,0.0,44.6,20.6,44.6,0.0,0.0,0.0,0.0,1.0,0.0,1.2,2.8,0.0,19.4,9.0,99.8,0.0,0.0,0.0,0.0,0.0,11.4,0.0,0.0,0.0,40.6,0.0,0.0,41.4,2.0,0.0,1.4,8.0,80.0,0.0,44.8,0.0,0.0,1.0,932.2,894.6,0.0,339.6,16.4,0.0,5.0,20.6,0.0,0.0,31.0,115.0
1249084800.0,2.5,7.5,0.0,44.75,20.75,44.0,0.0,0.0,0.75,0.0,1.0,0.0,2.0,1.0,0.0,22.5,9.5,110.25,0.0,0.0,0.0,0.0,0.0,13.5,0.0,1.0,0.0,43.75,0.0,0.0,43.0,2.0,0.0,1.75,8.0,78.5,0.0,51.0,0.0,0.0,1.0,979.5,948.5,0.0,362.5,16.5,0.0,5.0,20.5,0.0,0.0,34.0,116.0
1251763200.0,3.75,6.5,0.0,41.75,19.25,44.75,0.0,0.0,1.0,0.0,1.0,0.0,1.5,2.5,0.0,24.0,9.0,119.25,0.0,0.0,0.0,0.0,0.0,11.25,0.0,2.5,0.0,47.0,0.0,0.0,47.0,2.25,0.0,2.5,8.0,74.5,0.5,54.0,0.0,0.0,0.25,1008.75,976.25,0.75,376.25,14.5,0.0,5.0,19.75,0.0,0.0,36.0,117.0
1254355200.0,5.8,5.8,0.0,38.6,21.0,37.6,0.0,0.0,0.0,0.0,1.0,0.0,0.4,2.2,0.0,23.6,11.0,130.2,0.0,0.0,0.0,0.0,0.0,7.0,0.0,3.0,0.0,50.8,0.0,0.0,46.8,3.0,1.6,2.2,8.0,74.8,1.6,57.4,0.0,0.0,0.0,1044.4,1011.0,1.0,395.0,16.4,0.0,4.6,21.0,0.0,0.0,39.6,118.0
1257033600.0,4.0,7.0,0.0,39.75,23.25,38.0,0.0,0.0,0.0,0.0,1.0,0.0,0.75,3.0,0.0,20.25,11.25,137.5,0.0,0.0,0.0,0.0,0.0,6.0,0.0,5.5,0.0,56.25,0.0,0.0,48.0,3.0,0.75,2.25,8.0,80.0,1.0,62.0,0.0,0.0,0.0,1107.25,1071.25,1.0,430.25,18.5,0.0,3.0,21.25,0.0,0.0,38.75,119.0
1259625600.0,4.8,8.0,0.0,36.8,24.6,40.4,0.0,0.0,0.0,0.0,1.0,0.0,0.0,3.0,0.0,19.4,8.0,146.2,0.0,0.0,0.0,0.0,0.0,6.0,0.0,7.0,0.0,62.2,0.0,0.0,48.6,2.2,0.6,3.6,7.8,92.6,1.0,62.6,0.0,0.0,0.0,1172.4,1135.6,1.0,467.6,16.6,0.0,1.8,22.0,0.0,0.0,40.2,120.0
1262304000.0,2.5,7.0,0.0,37.75,23.75,44.5,0.0,0.0,0.0,0.0,1.0,0.0,0.25,3.0,0.0,20.75,6.25,155.0,0.0,0.0,0.0,0.0,0.0,9.25,0.0,4.5,0.0,71.25,0.0,0.0,51.5,2.75,0.5,4.0,7.0,104.0,0.25,66.5,0.0,0.0,0.0,1266.75,1225.0,1.0,516.25,22.75,0.0,0.0,24.75,0.0,0.0,37.0,121.0
1264982400.0,3.75,8.75,0.0,41.5,24.0,49.5,0.0,0.0,0.75,0.0,1.0,0.0,1.25,1.25,0.0,18.5,8.0,165.75,0.0,0.0,0.0,0.0,0.0,10.25,0.0,6.5,0.0,80.25,0.0,0.0,55.75,1.5,1.75,4.0,7.0,113.75,0.0,67.25,0.0,0.0,0.0,1349.75,1304.75,1.0,545.0,24.0,0.0,0.0,25.0,0.0,0.0,37.75,122.0
1267401600.0,4.0,10.0,0.0,42.25,25.5,51.0,0.0,0.0,1.0,0.0,1.0,0.0,2.0,0.25,0.0,19.0,7.0,166.75,0.0,0.0,0.0,0.0,0.0,11.5,0.0,7.25,0.0,91.5,0.0,0.0,52.25,1.0,2.0,6.0,7.0,114.0,0.0,73.0,0.0,0.0,0.0,1418.5,1368.75,0.5,588.5,24.25,0.0,2.0,21.25,0.0,0.0,37.0,123.0
1270080000.0,4.6,9.4,0.0,42.4,29.2,51.0,0.0,0.0,1.0,0.0,1.0,0.0,2.0,1.0,0.0,19.8,5.0,169.4,0.0,0.0,0.0,0.0,0.0,10.6,0.0,7.0,0.0,96.0,0.0,0.0,50.2,1.0,2.0,4.4,7.0,119.2,0.0,77.4,0.0,0.0,1.0,1479.4,1426.2,0.0,627.0,26.2,0.0,3.6,22.0,0.0,0.0,35.8,124.0
1272672000.0,3.25,8.5,0.0,40.25,30.0,53.25,0.0,0.0,1.0,0.0,1.0,0.0,1.75,1.5,0.0,18.25,5.25,170.0,0.0,0.0,0.0,0.0,0.0,13.0,0.0,5.75,0.0,100.75,0.0,0.0,63.5,1.25,2.75,4.5,6.5,124.25,0.0,80.0,0.0,0.0,1.0,1512.75,1463.75,0.0,642.0,25.75,0.0,2.0,19.75,0.0,0.0,37.0,125.0
1275350400.0,3.75,8.25,0.0,39.25,34.25,53.0,0.0,0.0,1.0,0.0,0.5,0.0,2.0,5.0,0.0,17.25,6.0,168.5,0.0,0.0,0.0,0.0,0.0,14.5,0.0,4.75,0.0,115.0,0.0,0.0,65.25,1.0,2.0,6.0,6.0,124.5,0.0,82.0,0.0,0.0,1.0,1531.0,1511.25,0.0,660.25,26.0,0.0,1.5,25.0,0.0,0.0,37.75,126.0
1277942400.0,7.2,6.4,0.0,39.0,37.0,59.6,0.0,0.0,1.0,0.0,0.0,0.0,2.0,6.6,0.0,16.0,5.0,167.2,0.0,0.0,0.0,0.0,0.0,11.0,0.0,5.4,0.0,123.2,0.0,0.0,69.2,1.0,0.2,7.2,6.0,128.4,0.0,87.4,0.0,0.0,1.0,1573.2,1558.4,0.0,674.2,27.4,0.0,2.6,24.6,0.0,0.0,42.6,127.0
1280620800.0,5.0,5.5,0.0,39.75,35.5,65.5,0.0,0.0,1.0,0.0,0.0,0.0,2.0,6.75,0.0,17.75,5.0,166.75,0.0,0.0,0.0,0.0,0.0,14.25,0.0,6.0,0.0,132.0,0.0,0.0,65.75,1.0,0.5,7.25,8.0,133.0,0.0,88.5,0.0,0.0,0.75,1638.0,1618.5,0.0,711.75,28.75,0.0,4.0,24.0,0.0,0.0,42.5,128.0
1283299200.0,5.0,6.5,0.0,38.5,34.5,67.75,0.0,0.0,1.0,0.0,0.0,0.0,1.5,5.5,0.0,23.25,5.0,165.25,0.0,0.0,0.0,0.0,0.0,15.0,0.0,7.25,0.0,130.5,0.0,0.0,69.25,0.25,1.5,6.25,8.25,133.5,0.25,90.75,0.0,0.0,0.5,1654.5,1635.25,0.0,720.25,27.5,0.0,3.75,24.0,0.0,0.0,42.75,129.0
1285891200.0,6.0,5.6,0.0,37.0,34.6,67.6,0.0,0.0,1.0,0.0,0.0,0.0,1.8,3.4,0.0,23.0,5.0,163.2,0.0,0.0,0.0,0.0,0.0,9.4,0.0,8.8,0.0,137.2,0.0,0.0,68.4,1.0,2.0,6.0,9.0,142.0,1.0,99.2,0.0,0.0,1.0,1668.2,1647.2,0.0,715.4,28.6,0.0,3.0,23.2,0.0,0.0,43.8,130.0
1288569600.0,7.0,7.25,0.0,36.0,36.0,67.5,0.0,0.0,1.0,0.0,0.0,0.0,2.25,2.0,0.0,24.5,5.0,160.5,0.0,0.0,0.0,0.0,0.0,6.0,0.0,9.0,0.0,138.75,0.0,0.0,69.75,1.75,2.75,6.0,8.25,139.0,0.25,100.75,0.0,0.0,1.0,1683.0,1660.75,0.0,731.0,29.0,0.0,3.0,22.0,0.0,0.0,43.5,131.0
1291161600.0,6.8,7.4,0.0,36.8,36.2,64.0,0.0,0.0,1.8,0.0,0.0,0.0,2.6,3.6,0.0,26.0,5.6,153.4,0.0,0.0,0.0,0.0,0.0,6.2,0.0,6.8,0.0,146.2,0.0,0.0,66.8,1.0,2.0,5.8,8.8,154.2,0.0,102.4,0.0,0.0,0.0,1710.6,1687.0,0.0,744.0,29.6,0.0,1.6,22.2,0.0,0.0,45.2,132.0
1293840000.0,7.25,5.0,0.0,37.0,39.5,63.25,0.0,0.0,2.0,0.0,0.0,0.0,1.0,1.75,0.0,26.25,4.75,147.25,0.0,0.0,0.0,0.5,0.0,7.75,0.0,8.25,0.0,153.5,0.0,0.0,72.75,0.0,1.0,5.0,8.75,165.5,0.0,103.0,0.0,0.0,0.0,1711.25,1685.5,0.0,732.5,25.25,0.0,0.0,20.25,0.0,0.0,46.5,133.0
1296518400.0,8.0,6.5,0.0,35.25,38.0,61.0,0.0,0.0,1.0,0.0,0.0,0.0,0.0,0.0,0.0,23.25,4.0,149.5,0.0,0.0,0.0,2.5,0.0,9.0,0.0,8.25,0.0,149.5,0.0,0.0,77.0,0.0,1.0,4.0,8.0,160.0,0.0,109.25,0.0,0.0,0.0,1718.0,1692.25,0.0,743.5,27.5,0.0,0.0,20.0,0.0,0.0,46.25,134.0
1298937600.0,6.5,6.25,0.0,33.5,41.0,67.5,0.0,0.0,1.0,0.0,0.0,0.0,0.0,0.0,0.0,23.25,4.5,148.75,0.0,0.0,0.0,2.0,0.0,6.5,0.0,9.0,0.0,153.75,0.0,0.0,77.0,0.0,1.0,3.25,9.0,160.75,0.0,101.5,0.0,0.0,0.0,1720.0,1694.25,0.0,745.5,29.75,0.0,0.0,18.5,0.0,0.0,44.5,135.0
1301616000.0,5.4,4.8,0.0,35.0,41.0,72.0,0.0,0.0,1.0,0.0,0.0,0.0,0.4,1.4,0.0,26.2,5.6,146.4,0.0,0.0,0.0,2.6,0.0,10.6,0.0,10.4,0.0,160.2,0.0,0.0,74.6,0.0,2.0,4.0,9.0,172.4,0.4,105.2,0.0,0.0,0.0,1789.6,1762.0,0.0,787.4,28.6,0.0,0.0,14.8,0.0,0.0,40.6,136.0
1304208000.0,5.75,4.75,0.0,33.5,42.75,72.0,0.0,0.0,1.0,0.0,0.0,0.0,1.0,1.25,0.0,26.5,4.0,139.5,0.0,0.0,0.0,2.0,0.0,10.5,0.0,10.0,0.0,162.0,0.0,0.0,75.0,0.0,1.5,4.5,9.0,176.75,1.0,109.5,0.0,0.0,0.0,1835.75,1803.5,0.0,820.75,29.0,0.0,0.0,18.25,0.0,0.0,41.75,137.0
1306886400.0,6.25,6.75,0.0,35.0,43.5,69.75,0.0,0.0,1.0,0.0,0.0,0.0,1.0,1.0,0.0,29.25,5.0,137.5,0.0,0.0,0.0,3.5,0.0,11.0,0.0,10.0,0.0,161.5,0.0,0.0,79.75,0.0,1.0,3.25,10.0,169.25,1.0,111.5,0.0,0.0,0.75,1862.75,1829.25,0.0,838.25,27.75,0.0,0.25,19.5,0.0,0.0,45.0,138.0
1309478400.0,8.0,5.8,0.0,33.4,45.8,69.4,0.0,0.0,1.0,0.0,0.0,0.0,1.4,1.0,0.0,30.8,5.0,138.8,0.0,0.0,0.0,4.0,0.0,8.2,0.0,10.2,0.0,155.4,0.0,0.0,81.8,0.0,0.2,3.0,11.8,175.6,1.0,115.0,0.0,0.0,2.0,1900.4,1865.4,0.0,856.0,29.2,0.0,1.0,20.4,0.0,0.0,50.2,139.0
1312156800.0,7.75,6.0,0.0,31.5,48.25,72.75,0.0,0.0,1.0,0.0,0.0,0.0,3.0,1.0,0.0,29.75,4.5,136.0,0.0,0.0,0.0,4.0,0.0,7.5,0.0,8.0,0.0,172.75,0.0,0.0,86.25,0.0,0.75,3.75,12.0,191.5,1.0,113.5,0.0,0.0,1.0,1957.0,1922.5,0.25,883.0,27.5,0.0,1.0,20.0,0.0,0.0,47.25,140.0
1314835200.0,7.0,5.4,0.0,32.8,50.8,76.6,0.0,0.0,1.0,0.0,0.0,0.0,3.0,1.0,0.0,30.4,5.0,125.2,0.0,0.0,0.0,2.6,0.0,7.2,0.0,5.0,0.0,185.4,0.0,0.0,83.8,0.0,0.4,3.6,12.0,198.2,1.0,111.4,0.0,0.0,1.6,1978.4,1946.2,1.0,892.8,25.6,0.0,1.0,23.6,0.0,0.0,51.8,141.0
1317427200.0,7.0,6.5,0.0,36.5,49.75,77.75,0.0,0.0,1.0,0.25,0.0,0.0,1.75,1.0,0.0,30.25,7.0,124.5,0.0,0.0,0.0,0.75,0.0,10.0,0.0,7.0,0.0,190.0,0.0,0.0,82.25,0.0,1.0,3.0,12.75,195.5,1.0,113.75,0.0,0.0,1.25,2017.25,1982.25,1.0,909.0,25.5,0.0,1.0,27.25,0.0,0.0,57.0,142.0
1320105600.0,4.75,6.5,0.0,35.0,45.75,80.0,0.0,0.0,1.0,0.0,0.0,0.0,1.0,1.0,0.0,34.0,7.25,126.5,0.0,0.0,0.0,1.0,0.0,12.0,0.0,8.75,0.0,186.5,0.0,0.0,80.25,0.0,0.75,1.75,13.0,195.0,1.0,110.75,0.0,0.0,2.0,2010.75,1974.75,1.0,910.5,26.5,0.0,1.0,26.5,0.0,0.0,53.75,143.0
1322697600.0,4.6,7.4,0.0,33.6,48.8,78.4,0.0,0.0,1.0,0.0,0.0,0.0,2.0,1.0,0.0,32.0,4.8,113.6,0.0,0.0,0.0,1.0,0.0,10.8,0.0,12.2,0.0,184.8,0.0,0.0,78.2,0.0,1.0,1.0,14.4,196.8,1.0,110.8,0.0,0.0,1.2,2002.8,1960.8,0.2,909.2,29.0,0.0,0.8,27.2,0.0,0.0,54.0,144.0
1325376000.0,6.0,7.5,0.0,33.0,45.75,73.0,0.0,0.0,1.0,0.0,0.0,0.0,2.25,0.25,0.0,32.25,2.0,108.5,0.0,0.0,0.0,0.5,0.0,10.75,0.0,16.25,0.0,182.75,0.0,0.0,80.5,0.0,1.0,0.5,15.0,195.0,1.0,114.25,0.0,0.0,1.0,2002.5,1959.5,0.0,918.75,33.5,0.0,0.0,27.0,0.0,0.0,50.25,145.0
1328054400.0,5.0,9.0,0.0,30.75,43.25,70.25,0.0,0.0,1.0,0.0,0.0,1.0,1.75,0.0,0.0,33.75,1.25,101.5,0.0,0.0,0.0,1.0,0.0,10.0,0.0,18.25,0.0,184.75,0.0,0.0,82.25,0.0,1.0,2.0,15.25,204.5,1.0,109.5,0.0,0.0,1.0,1990.25,1948.75,0.0,908.25,35.5,0.0,0.0,28.25,0.0,0.0,47.75,146.0
1330560000.0,3.2,7.2,0.0,27.6,44.4,65.6,0.0,0.0,1.0,0.0,0.0,0.0,1.0,0.0,0.0,33.4,3.8,97.4,0.0,0.0,0.0,1.0,0.0,9.4,0.0,18.4,0.0,196.0,0.0,0.0,82.0,0.0,1.4,1.0,10.2,199.6,1.0,101.0,0.0,0.0,1.0,1978.6,1935.4,0.0,919.2,37.6,0.0,0.0,28.2,0.0,0.0,43.8,147.0
1333238400.0,5.25,7.75,0.0,25.25,44.5,65.5,0.0,0.0,1.0,0.0,0.75,0.0,1.0,0.0,0.0,27.5,3.5,89.25,0.0,0.0,0.0,1.0,0.0,9.5,0.0,18.0,0.0,196.0,0.0,0.0,84.5,0.0,1.0,1.0,12.0,199.25,1.0,100.25,0.0,0.0,1.0,1961.5,1917.25,0.0,919.25,39.5,0.0,0.5,22.0,0.0,0.0,40.25,148.0
1335830400.0,5.75,5.0,0.0,22.5,47.75,66.0,0.0,0.0,1.0,0.0,1.0,0.0,1.0,1.5,0.0,27.75,3.5,85.25,0.0,0.0,0.0,1.0,0.0,10.25,0.0,19.75,0.0,198.5,0.0,0.0,87.25,0.0,1.0,1.25,16.75,199.75,1.0,92.25,0.0,0.0,0.75,1977.0,1931.0,0.0,929.5,40.75,0.0,1.0,22.75,0.0,0.0,39.5,149.0
1338508800.0,7.0,6.4,0.0,19.8,52.4,69.4,0.0,0.0,1.0,0.0,1.0,0.0,0.0,2.4,0.0,27.6,4.0,78.6,0.0,0.0,0.0,1.2,0.0,9.4,0.0,20.8,0.0,199.6,0.0,0.0,87.2,0.0,1.0,2.0,20.2,193.0,0.2,81.8,0.0,0.0,0.6,1972.0,1923.2,0.0,931.2,39.4,0.0,1.0,24.6,0.0,0.0,40.4,150.0
1341100800.0,7.0,4.75,0.0,17.0,52.75,66.25,0.0,0.0,2.0,0.0,1.0,0.0,0.0,2.0,0.0,28.0,3.75,70.25,0.0,0.0,0.0,2.0,0.0,11.5,0.0,19.5,0.0,196.5,0.0,0.0,86.0,1.25,1.0,1.0,18.25,199.5,0.0,78.0,0.0,0.0,1.5,1944.25,1893.5,0.0,910.25,39.75,0.0,1.0,25.5,0.0,0.0,46.25,151.0
1343779200.0,6.0,5.2,0.0,16.2,50.0,61.8,0.0,0.0,1.0,0.0,0.6,0.0,0.8,1.8,0.0,29.6,2.2,73.4,0.0,0.0,0.0,2.0,0.0,10.4,0.0,21.6,0.0,187.8,0.0,0.0,85.6,1.2,0.0,0.0,18.2,199.0,0.0,69.0,0.0,0.0,1.2,1913.4,1863.2,0.0,901.2,38.4,0.0,1.0,27.0,0.0,0.0,51.0,152.0
1346457600.0,4.5,5.75,0.0,16.5,39.25,60.75,0.0,0.0,1.0,0.0,0.0,0.0,1.0,1.0,0.0,30.25,2.0,66.5,0.0,0.0,0.0,3.0,0.0,12.25,0.0,22.75,0.0,181.75,0.0,0.0,87.5,0.5,0.25,0.0,18.5,197.75,0.0,62.75,0.0,0.0,1.0,1858.75,1807.5,0.0,875.5,37.25,0.0,1.0,27.25,0.0,0.0,50.0,153.0
1349049600.0,4.25,4.75,0.25,16.25,34.75,62.25,0.0,0.0,1.0,0.0,0.0,0.0,1.0,1.0,0.0,30.0,2.0,63.25,0.0,0.0,0.0,3.0,0.0,12.75,0.0,24.75,0.0,178.5,0.0,0.0,85.5,0.5,1.0,0.0,23.25,189.0,0.0,66.0,0.0,0.0,0.25,1834.25,1785.25,0.0,866.75,36.5,0.0,1.0,26.0,0.0,0.0,49.75,154.0
1351728000.0,5.0,5.4,1.0,16.8,32.2,56.4,0.0,0.0,1.0,0.0,0.0,0.0,1.0,1.0,0.0,31.8,2.0,66.2,0.0,0.0,0.0,3.0,0.0,13.0,0.0,18.6,0.0,176.8,0.0,0.0,77.4,0.2,0.6,3.0,26.0,189.6,0.0,68.0,0.0,0.0,0.2,1808.6,1757.8,0.0,850.2,33.4,0.0,1.0,26.2,0.0,0.0,50.8,155.0
1354320000.0,6.5,5.75,1.0,15.75,30.5,57.25,0.0,0.0,1.0,0.0,0.0,0.0,1.5,1.0,0.0,31.0,1.5,62.0,0.0,0.0,0.0,2.5,0.0,10.75,0.0,21.5,0.0,173.75,0.0,0.0,79.0,0.0,1.5,3.0,27.25,184.75,0.5,70.5,0.0,0.0,1.0,1784.0,1734.25,0.0,837.5,30.5,0.0,0.75,25.75,0.0,0.0,49.0,156.0
1356998400.0,5.25,7.75,0.0,16.0,29.75,53.25,0.0,0.0,2.0,0.0,0.0,0.0,1.75,0.75,0.0,29.75,1.0,57.5,0.0,0.0,0.0,1.75,0.0,10.75,0.0,18.25,0.0,176.0,0.0,0.0,80.0,0.0,1.75,3.0,29.0,184.5,1.0,70.25,0.0,0.0,1.25,1756.25,1704.5,0.0,819.75,28.25,0.0,0.0,26.0,0.0,0.0,48.25,157.0
1359676800.0,4.5,7.5,0.0,15.75,33.0,56.0,0.0,0.0,1.25,0.0,0.0,0.0,1.5,0.75,0.0,27.0,0.0,57.0,0.0,0.0,0.0,1.0,0.0,11.5,0.0,11.75,0.0,177.0,0.0,0.0,76.5,0.0,1.0,3.0,27.5,192.75,0.75,69.5,0.0,0.0,1.0,1761.5,1707.5,0.0,832.75,28.0,0.0,0.0,23.0,0.0,0.0,46.25,158.0
1362096000.0,4.0,9.0,0.6,15.4,36.2,56.6,0.0,0.0,1.0,0.0,0.0,0.0,1.6,2.0,0.0,24.4,0.0,59.6,0.0,0.0,0.0,1.0,0.0,10.6,0.0,11.0,0.0,175.4,0.0,0.0,79.0,0.0,1.4,3.0,27.4,185.8,0.0,71.4,0.0,0.0,2.0,1755.8,1705.2,0.0,831.6,29.2,0.0,0.0,21.8,0.0,0.0,44.2,159.0
1364774400.0,4.75,7.5,0.5,15.0,38.0,60.5,0.0,0.0,1.0,0.0,0.0,0.0,1.75,2.5,0.0,25.0,2.0,62.5,0.0,0.0,0.0,1.0,0.0,11.5,0.0,10.25,0.0,175.25,0.0,0.0,79.5,0.5,1.5,3.5,30.75,181.75,0.0,60.25,0.0,0.0,1.25,1755.25,1706.5,0.0,834.25,29.25,0.0,0.5,23.0,0.0,0.0,41.5,160.0
1367366400.0,5.8,6.6,0.4,14.8,39.0,60.8,0.0,0.0,1.0,0.0,0.0,0.0,4.0,1.8,0.0,27.2,1.2,62.6,0.0,0.0,0.0,1.0,0.0,11.6,0.0,9.8,0.0,175.8,0.0,0.0,76.2,0.0,1.4,3.6,32.2,187.8,0.0,58.4,0.0,0.0,1.4,1767.0,1715.2,0.0,833.2,30.8,0.0,1.0,23.2,0.0,0.0,42.6,161.0
1370044800.0,6.75,6.5,1.0,14.0,36.25,61.75,0.0,0.0,1.0,0.0,0.0,0.0,4.0,2.0,0.0,28.0,0.75,61.25,0.0,0.0,0.0,0.0,0.0,10.5,0.0,10.0,0.0,177.25,0.0,0.0,76.0,0.0,1.0,3.0,31.75,179.25,0.0,54.0,0.0,0.0,1.75,1760.75,1705.75,0.0,833.25,33.5,0.0,1.0,23.25,0.0,0.0,47.0,162.0
1372636800.0,5.5,6.5,1.0,13.5,39.5,67.5,0.0,0.0,1.0,0.0,0.0,0.0,5.5,1.25,0.0,27.5,0.0,56.0,0.0,0.0,0.0,0.0,0.0,11.75,0.0,9.5,0.0,174.0,0.0,0.0,79.5,0.0,1.5,3.0,34.0,172.5,0.0,53.25,0.0,0.0,1.0,1765.5,1707.75,0.0,833.5,31.5,0.0,1.0,25.5,0.0,0.0,51.5,163.0
1375315200.0,6.0,11.6,0.4,13.0,37.6,68.6,0.0,0.0,1.0,0.0,0.0,0.0,6.0,1.0,0.0,24.8,0.0,60.8,0.0,0.0,0.0,0.0,0.0,12.8,0.0,9.8,0.0,170.2,0.0,0.0,75.6,0.0,2.2,3.0,34.8,168.8,0.0,51.0,0.0,0.0,2.0,1780.6,1720.0,0.0,840.6,29.6,0.0,1.0,37.0,0.0,0.0,50.8,164.0
1377993600.0,5.5,11.5,0.0,12.25,35.75,68.75,0.0,0.0,1.0,0.0,0.0,0.0,6.0,1.0,0.0,28.0,0.0,59.25,0.0,0.0,0.0,0.0,0.0,12.75,0.0,12.75,0.0,169.5,0.0,0.0,72.25,0.0,0.25,2.25,34.5,165.5,0.0,51.75,0.0,0.0,1.25,1760.0,1695.25,0.0,828.25,29.75,0.0,0.25,35.75,0.0,0.0,49.5,165.0
1380585600.0,3.0,10.25,0.0,11.5,39.0,71.5,0.0,0.0,1.0,0.0,0.0,0.0,5.0,1.0,0.0,24.5,0.0,57.75,0.0,0.0,0.0,0.0,0.0,8.0,0.0,11.25,0.0,170.75,0.0,0.0,74.5,0.0,1.5,2.0,34.0,175.0,0.0,56.75,0.0,0.0,1.0,1744.0,1683.25,0.0,814.0,29.0,0.0,0.75,31.25,0.0,0.0,49.0,166.0
1383264000.0,3.8,9.0,0.0,11.6,37.6,68.8,0.0,0.0,1.0,0.0,0.0,0.0,4.4,1.0,0.0,27.0,0.2,57.6,0.0,0.0,0.0,0.0,0.0,8.4,0.0,13.2,0.0,165.2,0.0,0.0,78.4,0.0,1.0,2.0,34.2,174.2,0.0,55.6,0.0,0.0,1.0,1756.4,1698.2,0.0,825.6,27.8,0.0,1.0,33.0,0.0,0.0,55.6,167.0
1385856000.0,4.75,8.5,0.0,11.0,33.75,66.0,0.0,0.0,1.0,0.0,0.0,0.0,3.0,1.0,0.0,30.75,2.75,56.25,0.0,0.0,0.0,0.0,0.0,9.25,0.0,10.75,0.0,171.75,0.0,0.0,78.0,0.0,2.0,0.0,35.0,175.0,0.0,54.5,0.0,0.0,1.0,1770.5,1710.0,0.0,840.25,24.25,0.0,0.5,34.25,0.0,0.0,54.75,168.0
1388534400.0,4.6,11.0,0.0,11.6,31.6,61.8,0.0,0.0,0.6,0.0,0.0,0.8,1.8,1.8,0.0,29.8,4.6,59.0,0.0,0.0,0.0,0.0,0.0,10.6,0.0,9.4,0.0,169.6,0.0,0.0,79.2,0.0,2.0,1.6,36.0,182.0,0.0,55.4,0.0,0.0,1.0,1768.8,1711.2,0.0,833.8,25.2,0.0,0.0,33.2,0.0,0.0,53.2,169.0
1391212800.0,5.0,13.25,0.0,12.0,33.25,61.0,0.0,0.0,0.0,0.0,0.0,1.0,1.0,1.75,0.0,31.75,3.5,56.0,0.0,0.0,0.0,0.0,0.0,10.25,0.0,8.0,0.0,167.5,0.0,0.0,81.5,0.0,2.0,2.0,39.5,182.25,0.0,53.25,0.0,0.0,0.25,1768.75,1713.75,0.0,841.0,26.0,0.0,0.0,29.0,0.0,0.0,51.75,170.0
1393632000.0,4.75,12.5,0.0,12.0,39.0,61.5,0.0,0.0,0.0,0.0,0.0,1.0,3.0,0.0,0.0,29.5,3.0,57.5,0.0,0.0,0.0,0.0,0.0,11.25,0.0,7.0,0.0,176.0,0.0,0.0,85.0,0.0,2.5,2.0,39.75,184.75,0.0,53.5,0.0,0.0,0.0,1803.25,1749.75,0.0,860.0,27.25,0.0,0.0,24.75,0.0,0.0,52.25,171.0
1396310400.0,4.75,9.75,0.0,11.75,39.0,62.5,0.0,0.0,0.0,0.0,0.0,0.75,3.0,0.0,0.0,28.25,3.0,60.25,0.0,0.0,0.0,0.0,0.0,13.5,0.0,7.25,0.0,178.25,0.0,0.0,90.25,0.0,1.75,2.0,35.75,191.0,0.0,57.0,0.0,0.0,0.0,1835.25,1783.75,0.0,882.25,27.0,0.0,0.0,25.5,0.0,0.0,49.25,172.0
1398902400.0,5.8,9.2,0.0,11.4,43.8,65.2,0.0,0.0,0.0,0.0,0.0,0.0,1.8,1.2,0.0,32.2,2.8,60.4,0.0,0.0,0.0,0.0,0.0,11.6,0.0,8.6,0.0,173.4,0.0,0.0,88.6,0.0,2.2,2.0,37.2,194.4,0.0,59.2,0.0,0.0,0.0,1858.6,1800.6,0.0,890.4,27.0,0.0,0.0,26.0,0.0,0.0,46.2,173.0
1401580800.0,6.75,8.75,0.0,11.0,46.75,66.75,0.0,0.0,0.0,0.0,0.0,0.0,1.25,2.0,0.0,31.75,3.0,57.5,0.0,0.0,0.0,0.0,0.0,11.5,0.0,6.5,0.0,169.75,0.0,0.0,89.25,0.0,1.5,0.5,39.5,201.5,0.0,58.0,0.0,0.0,0.0,1861.25,1803.5,0.0,887.5,27.0,0.0,0.0,25.25,0.0,0.0,50.25,174.0
1404172800.0,6.0,8.25,0.0,11.0,44.0,68.5,0.0,0.0,0.0,0.0,0.0,0.0,2.5,1.75,0.0,30.0,3.0,59.25,0.0,0.0,0.0,0.0,0.0,15.0,0.0,6.5,0.0,174.75,0.0,0.0,92.0,0.0,1.0,0.75,42.5,202.75,0.0,54.5,0.0,0.0,0.0,1875.75,1819.0,0.0,889.75,27.0,0.0,0.0,26.5,0.0,0.0,51.75,175.0
1406851200.0,6.0,7.0,0.0,11.2,44.0,72.6,0.0,0.0,0.0,0.0,0.0,0.8,1.6,2.2,0.0,26.4,3.0,58.2,0.0,0.0,0.0,0.0,0.0,14.2,0.0,8.0,0.0,182.0,0.0,0.0,94.2,0.0,1.6,0.4,42.2,209.8,0.0,52.2,0.0,0.0,1.0,1904.0,1841.6,0.0,898.0,23.8,0.0,0.0,28.2,0.0,0.0,53.0,176.0
1409529600.0,4.5,8.0,0.0,12.0,43.5,75.5,0.0,0.0,0.0,0.0,0.0,0.75,1.0,3.0,0.0,24.5,3.0,58.25,0.0,0.0,0.0,0.0,0.0,13.75,0.0,8.0,0.0,186.5,0.0,0.0,98.5,0.0,2.5,0.0,41.75,213.5,0.0,57.5,0.0,0.0,1.0,1929.5,1865.75,0.0,900.25,23.0,0.0,0.0,27.75,0.0,0.0,57.75,177.0
1412121600.0,6.0,8.2,0.0,11.4,43.4,75.6,0.0,0.0,0.0,0.0,0.0,0.0,1.0,2.4,0.0,24.2,3.0,60.8,0.0,0.0,0.0,0.0,0.0,15.4,0.0,11.2,0.0,182.4,0.0,0.0,100.4,0.0,2.0,0.0,42.0,207.8,0.0,54.8,0.0,0.0,1.0,1925.2,1868.4,0.0,897.4,23.4,0.0,0.2,33.0,0.0,0.0,61.4,178.0
1414800000.0,8.75,8.25,0.0,11.5,43.5,73.0,0.0,0.0,0.0,0.0,0.0,0.0,1.0,2.5,0.0,25.25,3.0,62.0,0.0,0.0,0.0,0.0,0.0,13.0,0.0,11.0,0.0,179.75,0.0,0.0,98.0,0.0,2.0,0.25,44.0,210.75,0.0,55.25,0.0,0.0,0.5,1924.75,1871.75,0.0,902.75,22.75,0.0,0.75,31.5,0.0,0.0,60.75,179.0
1417392000.0,6.25,10.5,0.0,11.25,38.25,68.75,0.0,0.0,0.0,0.0,0.0,0.0,1.0,2.25,0.0,28.25,3.0,58.5,0.0,0.0,0.0,0.0,0.0,14.5,0.0,9.25,0.0,175.0,0.0,0.0,101.5,0.0,3.0,0.0,46.0,209.0,0.0,54.5,0.0,0.0,0.0,1882.0,1823.5,0.0,871.0,23.0,0.0,0.0,30.75,0.0,0.0,58.0,180.0
1420070400.0,6.4,10.4,0.0,11.8,17.4,64.4,0.0,0.0,0.4,0.0,0.0,0.0,1.0,2.0,0.0,24.8,2.6,57.8,0.0,0.0,0.0,0.0,0.0,11.4,0.0,7.8,0.0,155.4,0.0,0.0,92.8,0.0,2.6,0.0,45.2,198.4,0.0,52.4,0.0,0.0,0.0,1682.6,1629.4,0.0,772.6,17.4,0.0,0.0,26.0,0.0,0.0,48.4,181.0
1422748800.0,5.5,9.75,0.0,11.25,13.5,48.75,0.0,0.0,1.0,0.0,0.0,0.0,1.75,1.25,0.0,17.75,3.5,57.0,0.0,0.0,0.0,0.0,0.0,7.5,0.0,4.25,0.0,120.5,0.0,0.0,71.0,0.0,3.25,0.0,37.25,162.0,0.0,54.0,0.0,0.0,0.0,1347.75,1296.0,0.0,599.25,11.5,0.0,0.0,17.25,0.0,0.0,37.25,182.0
1425168000.0,2.25,12.5,0.0,10.0,12.25,38.0,0.0,0.0,1.0,0.0,0.0,0.0,1.0,1.0,0.0,13.5,2.0,45.25,0.0,0.0,0.0,0.0,0.0,4.25,0.0,2.0,0.0,100.0,0.0,0.0,55.75,0.0,3.0,0.0,30.5,135.5,0.0,48.75,0.0,0.0,0.0,1108.5,1066.0,0.0,490.5,8.25,0.0,0.0,19.25,0.0,0.0,29.5,183.0
1427846400.0,2.5,12.25,0.0,8.5,12.75,36.5,0.0,0.0,1.0,0.0,1.0,0.0,1.0,0.5,0.0,12.0,2.0,39.75,0.0,0.0,0.0,0.0,0.0,3.75,0.0,1.0,0.0,84.75,0.0,0.0,48.75,0.0,2.75,0.0,25.75,121.5,0.0,49.25,0.0,0.0,0.0,975.5,942.75,0.0,421.0,7.5,0.0,0.0,21.75,0.0,0.0,25.25,184.0
1430438400.0,3.0,9.6,0.0,7.0,11.8,39.0,0.0,0.0,1.0,0.0,0.4,0.0,3.4,0.0,0.0,12.2,0.8,40.2,0.0,0.0,0.0,0.0,0.0,3.6,0.0,0.2,0.0,78.6,0.0,0.0,45.8,0.0,2.2,0.0,23.8,104.6,0.0,47.2,0.0,0.0,0.0,889.4,857.4,0.0,373.8,6.8,0.0,0.0,19.6,0.0,0.0,22.8,185.0
1433116800.0,0.25,9.75,0.0,5.0,11.0,38.25,0.0,0.0,1.0,0.0,0.0,0.0,2.5,0.0,0.0,13.25,0.25,43.5,0.0,0.0,0.0,0.0,0.0,1.75,0.0,0.0,0.0,75.75,0.0,0.0,44.5,0.0,2.0,1.0,20.0,105.75,0.0,46.5,0.0,0.0,0.0,860.75,833.0,0.0,362.75,7.25,0.0,0.0,19.5,0.0,0.0,21.5,186.0
1435708800.0,0.6,10.2,0.0,4.0,11.2,38.2,0.0,0.0,1.0,0.0,0.0,0.0,2.0,0.0,0.0,10.2,2.6,42.8,0.0,0.0,0.0,0.0,0.0,3.2,0.0,1.0,0.0,70.6,0.0,0.0,49.8,0.4,2.0,1.0,19.4,106.2,0.0,44.2,0.0,0.0,0.0,866.4,835.2,0.0,368.8,6.6,0.0,0.0,18.0,0.0,0.0,21.2,187.0
1438387200.0,1.75,10.75,0.0,4.0,12.5,36.75,0.0,0.0,0.0,0.0,0.0,0.0,1.5,0.0,0.0,12.0,2.0,44.75,0.0,0.0,0.0,0.0,0.0,3.25,0.0,1.0,0.0,71.0,0.0,0.0,52.0,0.0,3.0,0.5,19.25,105.25,0.0,37.0,0.0,0.0,0.0,882.5,848.75,0.0,384.75,4.0,0.0,0.0,17.75,0.0,0.0,24.0,188.0
1441065600.0,2.75,11.75,0.0,3.75,13.0,33.0,0.0,0.0,0.0,0.0,0.0,0.0,2.5,0.0,0.0,9.75,1.0,42.25,0.0,0.0,0.0,0.0,0.0,4.0,0.0,1.0,0.0,68.5,0.0,0.0,48.75,0.0,2.0,1.0,18.5,105.75,0.0,34.0,0.0,0.0,0.0,848.0,816.0,0.0,367.0,4.5,0.0,0.0,17.0,0.0,0.0,24.25,189.0
1443657600.0,1.4,11.6,0.0,4.0,12.6,30.2,0.0,0.0,0.0,0.0,0.0,0.8,2.6,0.0,0.0,8.8,0.0,37.0,0.0,0.0,0.0,0.0,0.0,5.4,0.0,1.0,0.0,63.4,0.0,0.0,43.0,0.0,0.8,0.0,19.8,90.2,0.0,28.6,0.0,0.0,0.0,790.6,758.0,0.0,349.2,5.0,0.0,0.0,17.4,0.0,0.0,25.2,190.0
1446336000.0,0.0,12.75,0.0,4.0,10.25,30.5,0.0,0.0,0.0,0.0,0.0,1.0,2.75,0.0,0.0,10.0,0.5,37.0,0.0,0.0,0.0,0.0,0.0,7.0,0.0,0.5,0.0,62.5,0.0,0.0,38.25,0.0,0.5,0.0,19.5,82.75,0.0,28.75,0.0,0.0,0.0,759.75,728.5,0.0,337.75,5.0,0.0,0.0,15.0,0.0,0.0,22.25,191.0
1448928000.0,0.0,11.4,0.0,2.4,8.6,25.0,0.0,0.0,0.0,0.0,0.0,1.0,1.2,0.0,0.0,11.0,0.4,37.8,0.0,0.0,0.0,0.0,0.0,5.2,0.0,0.0,0.0,56.8,0.0,0.0,37.8,0.0,0.8,0.0,15.6,86.0,0.0,27.6,0.0,0.0,0.0,710.6,686.4,0.0,320.4,3.2,0.0,0.0,14.8,0.0,0.0,19.4,192.0
1451606400.0,0.75,10.5,0.0,0.0,7.25,21.0,0.0,0.0,0.0,0.0,0.0,0.25,1.0,0.0,0.0,10.5,0.75,30.75,0.0,0.0,0.0,0.0,0.0,5.5,0.0,0.0,0.0,46.25,0.0,0.0,30.5,0.0,3.0,0.0,13.75,86.25,0.0,24.0,0.0,0.0,0.0,642.5,615.0,0.0,292.75,3.0,0.0,0.0,12.0,0.0,0.0,15.25,193.0
1454284800.0,0.0,12.5,0.0,0.0,7.25,20.0,0.0,0.0,0.0,0.0,0.0,0.0,0.0,0.0,0.0,7.75,1.25,23.75,0.0,0.0,0.0,0.0,0.0,2.0,0.0,0.0,0.0,38.25,0.0,0.0,21.75,0.0,1.5,0.0,12.75,75.5,0.0,17.25,0.0,0.0,0.0,532.0,506.25,0.0,241.0,0.75,0.0,0.0,12.25,0.0,0.0,10.75,194.0
1456790400.0,0.5,11.5,0.0,0.0,6.0,17.0,0.0,0.0,0.0,0.0,0.0,0.0,0.25,0.0,0.0,7.75,1.0,25.0,0.0,0.0,0.0,0.0,0.0,1.75,0.0,0.0,0.0,31.75,0.0,0.0,14.75,0.0,1.5,0.0,10.75,66.5,0.0,18.0,0.0,0.0,0.0,477.25,450.75,0.0,215.0,0.75,0.0,0.0,12.0,0.0,0.0,9.0,195.0
1459468800.0,1.2,6.6,0.0,0.0,4.0,16.8,0.0,0.0,0.0,0.0,0.2,0.0,0.6,0.0,0.0,5.4,1.8,23.8,0.0,0.0,0.0,0.0,0.0,2.0,0.0,0.0,0.0,26.8,0.0,0.0,17.4,0.0,1.0,0.0,11.2,62.0,0.0,16.4,0.0,0.0,0.0,436.8,410.8,0.0,191.6,2.0,0.0,0.0,11.6,0.0,0.0,8.4,196.0
1462060800.0,0.5,4.75,0.0,0.0,4.75,15.5,0.0,0.0,0.0,0.0,1.0,0.0,1.0,0.75,0.0,3.25,3.0,22.5,0.0,0.0,0.0,0.0,0.0,3.0,0.0,0.0,0.0,23.5,0.0,0.0,17.5,0.0,0.75,0.0,10.25,57.25,0.0,16.0,0.0,0.0,0.0,407.25,383.75,0.0,178.25,3.0,0.0,0.0,10.0,0.0,0.0,7.25,197.0
1464739200.0,1.0,7.75,0.0,0.0,5.0,16.25,0.0,0.0,0.0,0.0,1.0,0.0,1.5,0.25,0.0,2.0,2.0,25.0,0.0,0.0,0.0,0.0,0.0,2.0,0.0,0.0,0.0,24.0,0.0,0.0,20.0,0.0,0.0,0.0,11.75,56.75,0.0,13.25,0.0,0.0,0.0,416.75,395.75,0.0,184.75,3.75,0.0,0.0,10.75,0.0,0.0,7.0,198.0
1467331200.0,1.0,5.8,0.0,0.0,5.8,19.8,0.0,0.0,0.0,0.0,0.4,0.6,2.6,0.0,0.0,0.8,1.0,25.6,0.0,0.0,0.0,0.0,0.0,1.8,0.0,0.0,0.0,27.0,0.0,0.0,23.8,0.0,0.4,0.4,12.2,59.0,0.0,13.8,0.0,0.0,0.0,448.6,429.0,0.0,206.2,3.2,0.0,0.0,10.0,0.0,0.0,7.8,199.0
1470009600.0,2.5,4.0,0.0,0.0,5.25,20.5,0.0,0.0,0.0,0.0,0.0,1.0,2.25,0.0,0.0,0.0,1.0,26.0,0.0,0.0,0.0,0.0,0.0,3.25,0.0,0.0,0.0,27.75,0.0,0.0,30.25,0.0,0.0,1.0,13.5,61.5,0.0,16.5,0.0,0.0,0.0,481.25,464.0,0.0,229.5,2.75,0.0,0.0,7.25,0.0,0.0,8.25,200.0
1472688000.0,1.6,5.0,0.0,0.2,5.4,19.2,0.0,0.0,0.0,0.0,0.0,0.4,2.0,0.0,0.0,0.0,1.0,23.2,0.0,0.0,0.0,0.0,0.0,3.8,0.0,0.0,0.0,28.2,0.0,0.0,28.6,0.0,0.0,1.0,13.8,65.6,0.0,21.6,0.0,0.0,0.0,508.8,490.8,0.0,243.2,4.6,0.0,0.0,9.4,0.0,0.0,13.0,201.0
1475280000.0,0.5,8.25,0.0,1.0,6.0,19.25,0.0,0.0,0.0,0.0,0.0,0.0,1.25,1.25,0.0,0.0,1.75,24.75,0.0,0.0,0.0,0.0,0.0,2.75,0.0,0.0,0.0,31.25,0.0,0.0,31.75,0.0,0.0,1.0,14.0,72.25,0.0,25.25,0.0,0.0,0.0,543.25,520.5,0.0,249.25,4.5,0.0,0.0,9.75,0.0,0.0,14.75,202.0
1477958400.0,0.5,7.5,0.0,1.0,6.0,19.5,0.0,0.0,0.0,0.0,0.0,0.0,1.75,0.25,0.0,0.0,2.0,29.0,0.0,0.0,0.0,0.0,0.0,2.5,0.0,0.0,0.0,34.75,0.0,0.0,30.75,0.0,0.0,1.0,16.25,77.25,0.0,26.75,0.0,0.0,0.0,579.5,557.5,0.0,270.25,4.75,0.0,0.0,10.0,0.0,0.0,15.75,203.0
1480550400.0,1.4,7.0,0.0,1.4,6.0,25.8,0.0,0.0,0.0,0.0,0.0,0.0,0.8,2.0,0.0,0.6,0.4,26.2,0.0,0.0,0.0,0.0,0.0,2.8,0.0,0.0,0.0,31.8,0.0,0.0,31.6,0.0,0.0,1.0,18.4,81.8,0.0,31.0,0.0,0.0,0.0,633.8,611.0,0.0,309.2,4.0,0.0,0.0,9.2,0.0,0.0,18.6,204.0
1483228800.0,1.0,7.25,0.0,0.75,6.0,27.5,0.0,0.0,0.0,0.0,0.0,0.0,1.0,1.0,0.0,0.0,0.0,29.75,0.0,0.0,0.0,0.0,0.0,2.25,0.0,0.25,0.0,34.0,0.0,0.0,38.5,0.0,0.0,1.0,20.25,89.25,0.0,32.75,0.0,0.0,0.0,682.5,659.0,0.0,335.25,4.5,0.0,0.0,8.25,0.0,0.0,18.5,205.0
1485907200.0,2.0,8.25,0.0,1.0,6.0,26.0,0.0,0.0,0.0,0.0,0.0,0.0,1.0,0.75,0.0,0.0,0.0,34.25,0.0,0.0,0.0,0.0,0.0,2.5,0.0,1.0,0.0,35.25,0.0,0.0,48.0,0.0,0.0,1.0,19.5,101.5,0.0,33.75,0.0,0.0,0.0,743.75,724.25,0.0,368.75,5.5,0.0,0.0,9.5,0.0,0.0,18.75,206.0
1488326400.0,2.0,5.2,0.0,1.0,7.2,28.2,0.0,0.0,0.0,0.0,0.0,0.0,1.6,0.0,0.0,0.0,0.0,36.8,0.0,0.0,0.0,0.0,0.0,4.0,0.0,0.4,0.0,40.2,0.0,0.0,47.2,0.6,0.0,0.2,20.6,109.2,0.0,32.4,0.0,0.0,0.0,789.2,769.8,0.0,397.6,8.0,0.0,0.0,10.4,0.0,0.0,17.0,207.0
1491004800.0,2.25,6.0,0.0,1.0,8.75,28.5,0.0,0.0,0.25,0.0,0.0,0.0,2.0,0.0,0.0,0.0,0.0,39.5,0.0,0.0,0.0,0.0,0.0,2.5,0.0,0.0,0.0,43.25,0.0,0.0,55.5,1.0,0.0,0.0,21.75,124.5,0.0,33.5,0.0,0.0,0.0,853.25,833.25,0.0,424.25,8.0,0.0,0.0,12.0,0.0,0.0,18.75,208.0
1493596800.0,3.25,6.5,0.0,1.0,9.0,31.0,0.0,0.0,0.5,0.0,0.0,0.0,2.0,0.0,0.0,0.0,1.0,43.0,0.0,0.0,0.0,0.5,0.0,1.0,0.0,0.0,0.0,44.0,0.0,0.0,56.0,0.0,0.0,0.0,23.25,120.75,0.0,34.0,0.0,0.0,0.0,892.75,871.25,0.0,451.75,8.0,0.0,0.0,11.0,0.0,0.0,23.75,209.0
1496275200.0,3.0,5.0,0.0,1.0,10.0,35.6,0.0,0.0,0.0,0.0,0.0,0.0,3.0,0.0,0.0,0.0,0.2,44.2,0.0,0.0,0.0,0.0,0.0,2.6,0.0,0.0,0.0,49.0,0.0,0.0,59.0,0.0,0.0,0.0,26.6,129.6,0.0,33.8,0.0,0.0,0.0,931.4,909.4,0.0,460.6,8.4,0.0,0.0,12.6,0.0,0.0,25.2,210.0
1498867200.0,2.5,5.75,0.0,1.0,12.0,36.75,0.0,0.0,0.0,0.0,0.0,0.0,2.0,0.0,0.0,0.0,1.0,47.75,0.0,0.0,0.0,0.0,0.0,2.5,0.0,1.0,0.0,53.25,0.0,0.0,59.0,0.0,0.25,0.0,27.25,133.75,0.0,34.0,0.0,0.0,0.0,953.0,930.75,0.0,463.5,9.0,0.0,0.0,13.25,0.0,0.0,25.25,211.0
1501545600.0,2.0,4.75,0.0,1.0,14.75,37.0,0.0,0.0,0.0,0.0,0.0,0.0,1.0,0.0,0.0,0.0,2.0,49.75,0.0,0.0,0.0,0.0,0.0,1.75,0.0,1.0,0.0,52.25,0.0,0.0,61.25,0.0,0.0,0.0,28.25,131.25,0.0,33.25,0.0,0.0,0.0,947.25,930.25,0.0,459.75,9.25,0.0,0.0,14.0,0.0,0.0,26.0,212.0
1504224000.0,2.0,6.0,0.0,1.0,16.0,37.0,0.0,0.0,0.0,0.0,0.0,0.0,1.0,0.0,0.0,0.0,2.0,51.0,0.0,0.0,0.0,0.0,0.0,2.0,0.0,0.0,0.0,52.0,0.0,0.0,65.0,0.0,0.0,0.0,29.0,130.0,0.0,32.0,0.0,0.0,0.0,943.0,927.0,0.0,454.0,8.0,0.0,0.0,14.0,0.0,0.0,25.0,213.0
