,Zip,PCI Change
9406,29585,-0.06207372635648212
27173,78248,0.007754545284675897
6844,22315,0.0120508166969147
16244,49048,-0.02874081100308276
1048,04072,0.03860254474875997
6580,21236,0.0010312405216863815
30056,90049,-0.045848041260185345
1069,04105,0.004361357525458895
27253,78504,-0.05251141552511415
6544,21158,0.03143279354719537
18152,54501,0.0589145441561533
27976,80525,0.010491425277417496
6678,21704,0.03955105526412102
29172,85298,0.006284367635506678
26958,77662,0.029919760641914865
1838,06437,0.03307006964167607
7228,23601,-0.03131439505445982
10164,31605,-0.024800068061936364
510,02189,-0.04211205307777368
1720,06071,-0.027463931861637408
16015,48506,0.03573599124832867
8407,27263,-0.02922745520415157
13161,40505,0.005054493760859264
30586,92618,0.0050249178022705185
29333,85748,0.018742030188903056
14167,44026,0.016940663484768134
15260,46806,-0.0397688388715687
29701,88007,0.050731707317073174
24714,71909,0.03516183139715475
8954,28539,0.030659571351852755
4195,14611,0.04619459375243437
16204,48912,0.0011019547719432732
26152,75701,0.0011656370206317753
535,02364,-0.020852459016393442
2808,11010,-0.008439545297967619
7134,23236,-0.0038046547573046398
1896,06705,-0.004618439226519337
28989,84663,0.0013083690503045342
6401,20746,-0.009784600490958752
29892,89118,0.014936519790888723
2028,07078,-0.03537908818314318
23175,67042,-0.02714829586656998
10108,31405,0.009619886774783978
18115,54452,0.024698333266072077
10316,32092,-0.008880405012864138
10892,33570,-0.06096887087861485
16043,48624,-0.05180863477246208
27315,78610,-0.01284497011318835
28831,84067,-0.0026647717178895007
26923,77583,0.009107665618562289
26699,77047,-0.008144490863822424
6809,22151,0.024374280029322442
2509,08816,-0.025027380980122575
18451,55044,-0.01247630271045755
30883,93647,-0.053715395823215155
18631,55427,-0.0038236348428725055
31101,94608,-0.008533621388063732
30647,92860,0.03648126172338552
21110,61603,-0.01752873563218391
10797,33324,0.010413908745918278
17770,53202,0.09105595535320898
5885,18914,9.93961682777129e-05
743,02920,0.0023320895522388058
2907,11429,0.0424087843679751
23270,67301,-0.0027948818725708545
9659,30143,0.0010818120351588911
2504,08807,-0.01971326164874552
22924,66221,0.02995312678632674
20700,60607,-0.019388850922581274
32390,98229,-0.004646840148698885
27814,80026,0.02518498218690052
10328,32119,-0.02945722739919622
31082,94585,-0.013589066625252368
13089,40245,0.04078026235302114
11618,36067,-0.04747823229834073
9399,29577,0.037900603808639105
14488,44839,-0.016796034179114214
13858,43204,0.005263666215955186
20568,60410,-0.026712820847756516
8463,27502,0.052410589321342425
17782,53214,-0.014841199168892847
27325,78620,-0.018492315198828983
32388,98225,-0.007271095152603231
320,01550,-0.03367516009135283
5426,17512,0.02617292668932339
25314,73130,-0.015168478457149049
2890,11412,-0.024131683435488223
2845,11222,0.0367853488311075
17787,53219,0.000955033824114604
32212,97756,-0.018793087165926904
20635,60487,0.020705770994172805
10873,33534,0.06602475928473177
5524,17837,-0.024299220434566265
7,00617,-0.05013161043311797
16415,49412,-0.055288164877205975
28095,80906,-0.024160298327161954
20587,60435,-0.007291082445316881
6442,20852,0.04789014186977083
5046,16510,-0.005865338261288768
2569,10013,0.16050156739811913
10581,32750,-0.047893866347608824
25299,73110,-0.03160650832242379
2810,11021,-0.014228170478170479
10794,33321,0.00924511301758922
29430,86413,0.03649087728067983
4082,14224,0.00838943917656597
14643,45244,0.032282879048180724
27984,80537,-0.03257650542941757
58,00728,0.018580702932616967
30553,92544,-0.040671971706454466
17626,52761,0.032678142676921824
399,01876,0.058343922066920795
32354,98121,-0.04002062757844731
26861,77477,0.0015033317081098651
29527,87107,0.012998512431819792
8978,28580,0.025613296146621892
9718,30260,-0.01726076689531092
14427,44667,-0.02595894863936101
5609,18017,-0.003024444998752806
275,01440,-0.033960855863327255
32166,97603,0.0008800880088008801
633,02703,0.015305955229261578
31455,95603,0.047265987025023166
32372,98178,0.03878283878283878
2629,10303,-0.030775309509175522
12089,37363,0.0360075180532199
1544,05468,0.011014894354000692
11015,33884,-0.002841005174687997
763,03054,-0.034469857581123885
6091,19473,0.0030902179560806193
5547,17870,-0.016835016835016835
5045,16509,0.013740264674222758
25900,75071,0.01570209464701319
20567,60409,-0.03952360370743889
25618,74146,0.0519705500216544
22544,65109,-0.0019531919268067025
8506,27560,0.024959489833254928
11810,36613,0.007327441548271619
17606,52732,0.04138542018224772
26964,77703,0.003831717234907726
12277,37923,-0.009911713544914503
13864,43211,-0.0039171309192200555
30513,92371,-0.03469012251492169
31625,95954,0.013712279369899412
4399,15063,0.031025555369968264
14244,44133,0.027249018255942923
531,02356,-0.025537378733117747
23247,67206,-0.02461838259175057
24670,71753,0.06939395583527752
409,01906,-0.008743831702882867
5918,19003,-0.028321108394458026
10514,32571,-0.027253053589113452
10942,33711,0.08510425020048115
7155,23324,0.008108402263822378
30442,92243,-0.003289301937033363
30392,92108,0.009382813853885574
30874,93636,0.006195215184867858
89,00795,0.0337979523868262
30559,92555,-0.014671714998709234
20705,60612,-0.02130480501074384
24526,71302,0.025561097256857856
18069,54301,0.0019882833303745784
92,00907,0.10345062506386893
21407,62294,-0.006368615462998344
31115,94707,-0.00765471852667853
28334,82072,0.004135970014217397
22251,64130,0.025920689423012185
26263,76008,0.022925467526371698
2854,11232,0.050347888018407935
12122,37415,0.0008089251407192693
12679,38930,0.1322259622420606
24980,72455,0.021704221704221704
27283,78570,0.011084636900445458
27280,78566,0.030963124319278047
10007,31021,-0.011455894805000748
13308,41102,0.18137299771167048
12631,38829,-0.09012710935787858
27309,78602,-0.04824136818328493
27156,78229,-0.00238168746967759
3156,12118,0.048266085814058016
6445,20855,0.03418871533312082
25592,74104,0.023752577319587628
10404,32310,0.012371263501632755
27487,79022,-0.06008163959520368
707,02871,0.07737695481147462
12850,39452,-0.001139572907892781
22199,64064,-0.019043251592971617
17686,53051,0.007004264693422205
16821,50158,0.026292687209200246
2010,07059,-0.019061755974251197
783,03106,-0.023258449247854047
10926,33626,-0.023225487330530387
10934,33703,0.06677388781986847
29094,85044,-0.00579459346076195
29331,85746,0.014232867264405293
10893,33572,-0.044186417260070145
25965,75180,-0.014795474325500435
12887,39565,0.04264903201073414
10660,32962,-0.024805222152032007
11223,34758,-0.06295522198999304
9573,30005,-0.039513544364929536
10376,32219,0.018055625408640547
25897,75068,0.06918463515636156
31983,97217,0.040833273160517006
9361,29510,0.007021063189568706
2482,08731,-0.006382909434330934
26143,75672,-0.01411265652404454
13823,43119,0.006374371756629756
9370,29527,0.034920833594092246
24713,71901,-0.01394700139470014
29316,85716,0.009378849898660733
28849,84088,0.017074713162887344
8624,27889,-0.01888781919039105
13090,40258,0.01587955335896028
30048,90041,0.028311927907471793
21117,61614,-0.04018135166778766
12045,37311,-0.006612653401644227
2889,11411,0.026069753342480614
26711,77060,-0.02375095427941301
13741,42754,-0.007690708792350863
32606,98604,0.018098493086841697
9068,28704,0.09933799326898184
30432,92227,0.022603781786568137
1068,04103,-0.02206000064034835
31085,94588,-0.004631857555341675
296,01510,0.03919259331959302
15881,48220,0.024398704902867715
31574,95827,-0.036720507053772236
5668,18202,-0.0504089878781906
2977,11722,-4.5587162654996354e-05
31032,94521,0.001826695482144695
32311,98036,0.009248170326014637
29291,85635,0.022896063416323546
8499,27549,-0.020806814843826495
9624,30087,0.023179357752465712
21353,62223,-0.015591483912277894
6454,20876,0.014471658502449265
6422,20782,0.03304424195850258
11186,34652,0.036032086967956865
23875,68803,0.03646964673602378
6248,20112,0.008037622915775972
29199,85339,-0.02432845599475868
8526,27597,-0.01482010534773681
11133,34286,-0.05006819481719389
30644,92843,0.006854531607006854
371,01776,0.08304797069946104
2445,08534,0.06716119006040021
9360,29506,0.01599773883550028
16252,49058,-0.010902104463607525
17189,51103,-0.038860559170036925
20465,60074,0.017813070071896125
14207,44092,0.017112093828109978
24441,71047,0.03351250292124328
32894,99517,-0.08923842203440573
24104,70001,0.04617006085744399
31578,95831,-0.0097137811022804
31921,97068,-0.003270263957019388
21989,63501,0.044012171267115846
9301,29388,-0.03502480719162941
17106,50703,0.0053687999511927275
10378,32221,-0.01774937877174299
13081,40222,-0.0006128606449179709
14161,44012,-0.01980028391012776
24858,72150,0.06621189511831166
22179,64029,0.014375
488,02139,-0.017036330206902973
20703,60610,0.044616649054831516
28284,81601,-0.002829496629056485
29428,86409,0.038805342307287834
3340,12528,-0.02144957100857983
26021,75407,-0.02662599950539939
9459,29671,-0.019371635336686965
6013,19136,0.06410385936552838
9054,28681,-0.0038188494492044063
4152,14527,0.02664145047897052
23354,67502,0.015318959202522374
26388,76266,0.057049613748089395
4544,15401,-0.02850040714867355
6086,19462,-0.011335136464224243
20541,60181,-0.012377692493863016
14991,46077,0.03255295857419962
2190,07753,0.029112035302708023
26776,77356,-0.022672138209354525
11955,37083,0.027964999408773797
7082,23116,0.0019329398726836938
14088,43812,-0.039006279506806615
6089,19468,-0.016480462453448946
18607,55403,0.009123197994289296
24480,71203,0.00492044513933597
4810,15906,-0.029847470646329418
30893,93662,0.004847396768402155
27261,78538,-0.04393792434529583
31656,96002,-0.004406871121503732
17960,53963,-0.022581106188366444
30582,92610,-0.0030180017427897388
29920,89178,-0.04008034054799448
336,01603,0.03641261436997817
10823,33426,-0.015740166701109046
10732,33137,0.03400516795865633
20616,60465,0.03334610962054427
493,02144,0.05859324362863291
9051,28677,-0.04508376886631173
32151,97527,0.031072805624858243
15779,48083,0.026765081226502948
9174,29053,-0.08081562933703428
9421,29615,-0.02714858567248293
26928,77590,-0.011020408163265306
11111,34224,-0.05782531463774141
10944,33713,-0.011297798377752027
13280,41048,0.04735024771055397
13580,42134,-0.027646969466808446
477,02126,0.007506416775630781
9952,30747,0.03750311487665089
21827,63042,-0.008349917798736697
30144,90670,0.0683370154649528
5490,17756,0.06257685476157945
30399,92116,0.028284310958053407
5040,16504,0.003014015170543025
3688,13219,0.009415130747222037
10881,33547,-0.053393157599551315
10506,32563,-0.004675849867306963
28554,83318,-0.013660595290981787
21239,61920,-0.0572149969034348
31342,95403,0.02216250290302246
25271,73072,-0.055051326990485726
3999,14052,-0.003071374228634225
3680,13207,0.019948581222624263
13170,40515,-0.013778926021612911
18127,54467,0.0018345930872532472
28009,80640,0.009893803957521582
10325,32114,0.0406335101046295
21719,62896,-0.019335647000495785
11631,36092,0.026999952296904068
15926,48340,-0.023876584304186405
23580,68106,-0.0038539695886763365
6389,20723,0.0052636417965338115
2260,07950,0.019175879396984924
31986,97220,0.020426949546311315
10605,32805,0.026127766881479407
3021,11782,0.028533405512699058
19370,57078,0.005081937028171607
27183,78258,-0.03515107003692596
8471,27511,-0.005261301510787138
20362,59840,-0.05376431085399895
32352,98118,0.004181004181004181
13094,40299,0.003243543803286791
3053,11946,0.011254113775270334
17698,53074,-0.0057271946291641476
2633,10307,-0.04949345715491769
28377,82414,0.01781207182519651
27089,78102,0.07941434451116659
2687,10528,-0.03698332124728064
26889,77520,-0.0032601143712254824
3470,12839,0.027331189710610933
10631,32836,0.04092558577124681
31102,94609,0.07000690651095624
32337,98092,0.00463225562488183
32926,99577,-0.03221950971416947
31998,97236,0.000499850044986504
10862,33496,0.07799043859210768
20754,60803,-0.04882369906472745
2057,07204,-0.020582040972621098
8377,27106,0.0476115896632733
9988,30909,-0.03143550998381004
6390,20724,0.0031547952888390353
30089,90242,0.03013977128335451
339,01606,0.01366770772132719
9654,30134,0.0002791996277338297
30472,92301,-0.008374164810690423
16300,49120,0.0026355943958940213
9,00623,0.014026312928128738
3966,13903,0.03509797047251763
472,02120,0.01805635422656699
30772,93422,0.004732562571464871
20688,60561,0.0015534459376155838
25783,74820,0.027647483312285767
20685,60558,-0.001635971125952911
2879,11370,-0.029379819702400348
20418,60002,-0.0025513231280408213
13806,43082,-0.031514438198827086
5947,19040,0.0008300285898736512
20577,60423,-0.01787264464075984
25981,75214,0.049166762883423774
5998,19121,0.008494011721736175
20129,59102,-0.0010905125408942203
25298,73109,-0.009378477189635987
10620,32824,0.0021728502362974634
30406,92123,-0.009255819712729074
11162,34474,0.08168910947479761
26275,76021,0.013894144996485917
26117,75604,0.021836648328396106
11549,35954,0.03124092677544858
654,02760,-0.0014063486596636243
8763,28152,0.026167554281032363
7010,22960,0.007651996475444047
533,02359,0.0011661649445393648
2987,11735,-0.004991908719383417
1727,06084,-0.007496592457973648
8391,27217,0.030548872601130195
11637,36108,-0.02849759027729273
30410,92128,-0.0018773183751017823
2117,07524,0.014603130240357741
31841,96786,0.00906142693628386
18075,54313,-0.031995196431634926
20562,60403,-0.002807896669402566
18870,56071,0.036865290980755853
11163,34475,0.015541673015389303
27709,79720,0.06132253711201079
4073,14215,0.04838994525225172
11110,34223,0.02904678738854674
9073,28711,-0.033302235022106844
12983,40004,0.04168789268127016
20728,60637,-0.038843457943925234
5312,17110,-0.002921250543849835
2997,11751,0.03904602109300096
1935,06811,0.012560019531779834
30914,93725,0.007853822728001282
15963,48420,-0.011580410157072472
2648,10459,0.02641135688345989
14540,45036,-0.008908365961421028
30527,92394,-0.0019414782970461795
9745,30307,0.020760015641107674
6076,19438,-0.010104974001765918
8457,27407,-0.0070887900997236575
27798,80010,-0.0026219192448872575
9849,30534,0.025950062814070352
5922,19008,0.0052237710931768155
3445,12804,0.023055202159679773
29079,85023,-0.0329383060299756
14748,45431,0.029710711493354185
30986,94114,0.004113201357608792
3344,12533,0.024602793705322184
6576,21229,0.004970178926441352
32883,99502,0.031174499259605644
31315,95358,0.003961191802055227
14230,44119,0.008768617579190266
27491,79029,0.022130362454000102
13714,42642,0.03291227256924325
27143,78216,0.01391959981150542
4369,15025,0.061952772618731757
27870,80220,0.034139306397458144
31090,94595,-0.02525132589250376
18461,55056,0.03851293888956384
6153,19707,-0.0051660648528833435
5404,17362,-0.0062988158226253465
31408,95503,0.004923123532530486
21174,61801,0.039723972397239724
6834,22304,-0.005133100010605579
2818,11101,0.07335548647586379
14873,45807,0.03599288850186858
32762,99037,0.030577134546486466
7128,23229,0.013097636929840631
26918,77575,-0.031459296292802565
26579,76710,0.008770947635576457
15936,48360,0.025643200452360758
22224,64093,-0.023324729949335626
21835,63051,0.007452109907191515
14319,44321,0.08709686318867768
30181,91001,0.0071544636577498604
20708,60615,-0.016250708173062588
23858,68776,0.016224524649891835
2941,11566,0.03565084226646248
10668,33004,-0.04626741936757333
30959,94040,0.058494848961061635
9666,30153,-0.001307583987125327
2071,07407,-0.07341978324876276
10796,33323,-0.009823669775945953
3029,11791,0.026526126486162455
28089,80863,0.03142550640499779
9557,29926,-0.004909944999173807
3209,12189,0.0003829683528879295
31127,94903,-0.0060393171874037095
31219,95130,0.0076565490839485915
15743,48035,-0.016643013804670367
18356,54880,0.003841488071168621
2468,08629,-0.024419628376812937
71,00757,0.0276231029588383
26357,76207,0.01116361893021026
8796,28270,0.00882945934045561
31015,94503,0.018951425818194798
6141,19604,-0.03278802645318482
29211,85351,-0.018544105883208494
9883,30577,0.0015148236312486475
32414,98258,-0.018540271119718087
6400,20745,0.002838468720821662
28002,80620,-0.01791466515964962
21890,63132,0.011157933794492592
16142,48827,0.0008600670852326481
29922,89183,-0.033598158598158595
9540,29902,-0.04551516002245929
6522,21108,-0.010046784382208998
6575,21228,-0.00720735647419435
30618,92692,-0.04277583187390543
30133,90605,-0.024406361513723072
12655,38866,-0.02150205307077575
1990,07032,-0.010076335877862596
25916,75098,-0.0020233358062993188
9437,29642,0.02936397400185701
14382,44515,-0.023432923257176334
27958,80487,-0.01839971258468487
26630,76901,0.03677661297195943
20978,61364,0.004390090937597993
697,02842,-0.0259970289109816
21868,63110,0.0021267707265200716
13266,41018,-0.007095273759312547
29149,85250,-0.02702176347436584
31103,94610,-0.01254260159507292
23213,67114,0.04895847154040069
2980,11726,0.0006510416666666666
27793,80002,-0.004658739208340121
20131,59106,0.02038099609823273
15679,47933,0.000216076058772688
27165,78238,0.03915846943097849
2364,08110,-0.011549477963596046
5896,18938,0.04639456006865933
25000,72501,0.04821472543708446
29716,88030,-0.03232682060390764
32839,99216,0.018803117706636136
1979,07020,0.028993391682800775
23581,68107,-0.024216524216524215
670,02806,0.07122608079376329
22907,66204,-0.03520677260053079
10913,33611,0.06691328199708088
25218,73010,0.036456587328193096
31301,95336,-0.024135540341450733
28987,84660,-0.0063495314660248865
21867,63109,0.05183247743293675
14223,44112,0.025256730502359145
9893,30620,0.038536326674916035
2211,07834,0.010010266940451745
29776,88260,0.06445802859949787
20473,60088,0.03340020604023207
14362,44471,-0.0014406256431364478
2179,07734,0.016749960955801967
21877,63119,0.0331045312935336
18546,55330,-0.0022341229424713343
12071,37341,0.033823529411764704
5453,17566,-0.018149661009811767
29150,85251,0.04638501742160279
23751,68522,0.01879100281162137
26279,76031,-0.009597492899813926
5992,19114,0.001962743558632503
11073,34104,-0.027624947097072063
10426,32348,0.006516916250693289
26770,77345,0.019541080680977055
9077,28715,-0.04345006485084306
20526,60160,-0.022236123748862604
6269,20152,-0.00045927101164878293
30173,90807,-0.03427115294607104
13021,40065,0.029414171166748486
6393,20735,0.004365345869711216
11226,34761,0.009017097353423374
8876,28409,0.012700683124121433
30305,91773,0.017930714327163002
15397,47172,0.011598077826354013
26758,77320,-0.05178775925690291
30855,93614,-0.05151128139633887
28127,81007,0.009285880798818867
28882,84302,0.016517422168607618
27732,79763,0.04958991907012112
30307,91776,-0.0054456597626250875
29049,84770,0.020734719077999588
20591,60439,-0.011293788416370996
5869,18840,0.033300033300033303
10528,32615,-0.10380135270541083
15071,46231,-0.008993115318416523
21777,62966,0.0026996305768684286
20488,60108,-0.018056374874964733
15573,47586,0.00845337703786768
29493,87031,-0.059888927803072
12082,37355,-0.016522737483152798
32386,98223,-0.014535684761642326
25959,75165,-0.02255609756097561
27273,78559,0.0482257843540211
27645,79424,0.0015432098765432098
10755,33167,-0.0008956869229709247
20454,60060,-0.031021638374704997
16388,49331,0.014714678789328866
11863,36830,0.018835042563174476
27001,77904,-0.03733173795991624
31100,94607,0.0019506121601992115
24154,70117,0.045690376569037655
31008,94306,0.00011345770458855374
26015,75254,0.06698284623202241
8484,27526,0.010074095703909188
9505,29803,0.0195391220537983
26757,77318,0.09419083501270481
4362,15017,0.035522679239148106
51,00717,-0.02114414511108726
29539,87122,-0.04867646794191215
118,00961,0.013421069776532674
12333,38103,-0.04487523909819682
9996,31008,0.03988892806770099
21902,63146,0.018169151456040127
17739,53142,-0.05419100797211374
32632,98642,0.01222893500277267
29858,89030,-0.002390506275078972
29876,89081,-0.04626053370786517
13079,40219,0.00990990990990991
12268,37914,-0.07884106421507174
31479,95632,0.014316987740805604
15167,46545,0.014067162411784209
14246,44135,0.027102471704816524
11037,33928,-0.029437891723831613
15794,48104,0.00703652739554666
337,01604,0.013567050381222903
24289,70578,0.05939493524067272
22925,66223,-0.014105960264900663
15664,47909,0.0405399809515922
9339,29464,0.025438226762204648
15042,46173,0.034420289855072464
28787,84020,0.025447574286509383
6285,20190,0.04304218353216289
26495,76549,0.020838693079495756
32360,98136,-0.020013721454474175
6524,21113,0.011417349804763319
32856,99336,0.0067724278690045455
9358,29501,-0.04315460514765266
2359,08105,0.026131156930126003
5044,16508,0.011194366705786765
9945,30736,0.001153451811346548
14734,45409,-0.014783856278460484
8804,28304,-0.004328609832778968
15760,48060,0.01754292417617575
13243,40965,-0.0008378718056137411
30246,91384,-0.026902821106303043
9161,29036,0.02932608817433197
30972,94085,-0.015658631080499353
31860,96826,-0.002580557536246647
16393,49337,0.0009450945094509451
29642,87701,-0.03811083811083811
26697,77045,0.0063081009296148734
20901,61244,0.005886649765823057
29103,85086,0.012308363455066683
8781,28208,-0.03982512466698545
10330,32127,-0.07431211086563567
124,00971,0.05962016187194487
10484,32505,-0.02545758063554522
127,00982,0.05656162744315915
10938,33707,-0.04285012568984946
30208,91208,-0.09590949023977373
15194,46628,0.03539645029916034
12534,38614,0.002341198940299427
32545,98513,0.0010978454782489364
26660,77008,0.09383814956434526
10000,31014,0.07956989247311828
25976,75208,0.17269736842105263
14649,45251,-0.024458191650620673
14041,43725,0.02625770256598915
32536,98466,0.011076738848418321
10884,33556,0.04340494171126916
30789,93446,0.04868721277758139
30201,91201,0.039181065287762225
31014,94502,0.039739027283511266
9280,29349,0.02227733542183353
17788,53220,-0.02615442846328539
30156,90720,-0.0038271894810988495
1681,06002,0.02308579279212973
2963,11704,-0.003110175614966542
408,01905,0.018027679893774576
21849,63074,0.06566940912490651
6870,22508,0.0007114273010226768
15212,46733,0.015927853553481693
4175,14564,0.010113970865725715
10757,33169,0.012364926616848557
31226,95138,-0.09248875043267567
26800,77384,-0.024996512114588663
15785,48092,0.01180632512147302
10769,33182,-0.03201125670565474
24477,71129,0.006468721121780706
2768,10940,0.010365063638442192
10421,32340,0.05478782802903406
25612,74133,0.0006448587173173878
30431,92225,-0.018552200800291015
13865,43212,0.04075068449453734
14456,44708,-0.02193344850897619
8843,28360,-0.022195137597023542
9430,29630,0.03561853695901953
9312,29418,-0.007163748887287525
22168,64012,-0.0030130034887408817
19362,57069,0.028116313876416506
2709,10570,-0.0617445175263971
13083,40228,0.027637122646979245
6555,21208,-0.04243776523603272
13781,43040,0.024544012688342585
25619,74301,-0.007521917310784873
30587,92620,-0.0035612695141890834
15813,48134,-0.006143649700264363
392,01852,0.0023494312884579528
24108,70006,0.01626990923103271
5238,17022,0.013259339267756713
6425,20785,0.0004988775255674732
29408,86323,-0.009636070276084619
26748,77098,0.10629791119016511
22906,66203,-0.02288076170793815
15923,48334,0.05244507441530829
8083,26041,-0.03159971169530746
5660,18102,0.029063250600480383
22245,64124,0.05413784879561173
25303,73115,0.010956438892711586
30182,91006,-0.01514663229133097
13816,43110,0.011028478142572103
24479,71202,-0.02228717573986116
13872,43221,-0.03815576765507009
13052,40160,0.021069253327317843
15925,48336,0.030243397203521493
15825,48152,-0.0064742061740384335
22486,64870,0.02410998255873602
4190,14606,0.015330432981147711
8455,27405,-0.013255799412242857
30380,92082,-0.0159479830492026
28405,82604,-0.012214278844612573
6986,22902,0.033695990052844266
31038,94531,-0.038977702257516386
10914,33612,-0.01683262209577999
30370,92064,0.017597378041094163
18652,55449,0.04110501358623262
28271,81503,-0.007282483710233806
24433,71037,0.08259315225002764
8783,28210,0.02553709907925872
26862,77478,-0.006128725858247772
14290,44266,-0.0014803849000740192
11124,34241,-0.06035709030264384
9564,29936,-0.00852447983848354
1892,06614,0.0007504168982768205
21250,61938,0.022052015823583872
32286,98003,-0.04107279078170795
5630,18055,-0.03518809474401921
2313,08053,0.011809393946772506
30194,91101,-0.011201216421692854
2310,08050,0.03486737276220827
31345,95407,-0.02143030303030303
2012,07062,-0.03482792232136163
32658,98801,-0.0031027350034474833
30016,90007,-0.003966465338501758
2628,10302,0.04387213666364695
6835,22305,0.02575204077030623
21255,61944,-0.024057672502574665
9735,30291,-0.047938036424534224
6495,21046,-0.005344418052256532
16014,48505,-0.005606478597490434
21092,61550,-0.007741935483870968
13143,40444,0.11384132130914987
30150,90710,-0.004001280409731114
30616,92688,0.010312657589510842
13160,40504,-0.05261439432809366
8236,26505,0.04613744305515169
23584,68111,-0.00762368207623682
30325,91915,-0.005833996287456908
2369,08205,-0.04607402282947077
19066,56345,0.013388520505131563
17653,53012,0.0023693455704131374
6254,20121,-0.012240184757505773
30607,92663,-0.05315442776078986
2644,10455,0.04672657252888318
10867,33513,0.02248080906543195
8994,28607,-0.0007936927879781999
30222,91325,0.012654034715781104
30167,90755,-0.0004964472990164137
23588,68116,-0.0024598272773455254
5798,18509,-0.05063864853728883
32641,98660,-0.013981713067366435
2149,07661,0.07562380038387716
343,01610,0.012037771210264543
31005,94303,0.015696533682145193
7154,23323,-0.012287887653598596
27316,78611,-0.023635528458679583
32841,99218,-0.03306008467705612
9746,30308,-0.01960556304944416
6021,19144,0.009976057462090982
11029,33914,-0.006171233131343172
20641,60504,-0.0014732844421162913
15783,48089,-0.030706904650070456
10870,33523,0.026172417476765304
2740,10710,0.017053002575572726
30025,90017,0.021816881258941344
11202,34690,-0.012435563586118935
351,01721,0.008493223024115473
10326,32117,-0.03858695652173913
26297,76058,0.08817549997636046
33027,99712,0.03841187045805586
4467,15219,0.03535512256442489
14013,43605,0.03735377168212989
88,00794,0.042093123828744416
23010,66606,0.04264060630235341
5271,17057,0.03146067415730337
31316,95360,-0.09464508094645081
6085,19460,0.006956150138885592
7589,24572,0.015065164568146676
2297,08034,0.015431553997831514
26266,76011,0.032532532532532535
6272,20164,-0.009276829011174362
4454,15206,-0.009641824090276042
9504,29801,0.004169721407624633
9774,30344,-0.05853896897141461
12292,38016,0.046444667000500754
11003,33860,0.04794882639035737
12950,39773,-0.03568502969485972
1994,07036,0.01254864874695377
25517,73942,-0.0005663994423143953
25595,74107,0.003843788437884379
18645,55442,-0.022318011521572735
28840,84078,0.001995510102269893
28822,84057,-0.009877073380213645
14270,44224,0.008605745418524022
2066,07310,-0.024723163198496968
564,02478,0.008831979569396659
3978,14020,0.013783653071094632
17728,53121,0.0059721044925637665
350,01720,0.01270839287415452
15862,48201,0.11040140271776568
12273,37919,0.005211994860730649
13138,40422,-0.031226580064951288
9134,28791,0.003971459343026387
29326,85739,-0.00529559319934347
30935,93940,-0.004022943756650834
15018,46142,-0.034120816174876924
21116,61611,-0.013033549973651854
4807,15902,-0.002743714653676018
13084,40229,0.004337503424344809
26901,77541,-0.012437166398922112
30727,93250,-0.005836575875486381
10860,33487,-0.03157098495103113
6841,22311,-0.08447320684414375
6561,21214,-0.04703538627768774
27117,78148,0.003141916190331983
21863,63105,-0.05863833136560409
6449,20866,-0.017377645914881945
11758,36532,-0.010636295180722892
25864,75013,0.027963821047732745
22960,66441,-0.025114854517611026
30308,91780,0.03294830524521871
8874,28403,-0.022492401215805473
15149,46514,-0.07793269820501288
31078,94579,0.028092180947786396
9862,30549,0.013867179672157429
25649,74401,0.055150884495317375
10121,31513,0.007621873241598035
3022,11783,0.02283047426841574
31210,95121,0.006702514389578916
20580,60426,-0.013505869042568236
14276,44236,-0.017220049485194348
6471,20912,0.03554192925679896
30249,91401,0.0017751479289940828
5513,17821,0.02970527576342226
29249,85541,-0.022503632966576707
8454,27403,0.04994150994330964
3011,11768,0.0007431218028480575
27188,78264,-0.04597540525433203
14380,44512,0.011333638379500898
13881,43232,-0.009117585411863341
4423,15102,0.019868338744749935
9762,30328,-0.005684132927231459
28167,81082,0.015967153284671534
27831,80112,-0.02210531069364162
18509,55123,0.037232798540623974
27139,78212,-0.002277080999024108
31002,94134,0.047784608861564555
22269,64155,-0.014562188741095631
14183,44053,0.04300900093674907
1680,06001,0.04223335719398712
8824,28334,-0.028398259934503154
28854,84096,0.061050170832584065
25971,75203,-0.009139824574334782
11025,33908,-0.000740616862173591
8483,27525,0.01952761763064906
14816,45690,0.06909176249706642
12636,38843,-0.055752660922453116
31559,95776,0.014200714002380007
8237,26508,0.07088632554471064
31086,94589,0.022172949002217297
6000,19123,0.03986471675069677
17267,51501,0.011976047904191617
27147,78220,0.007566650166183438
29239,85396,-0.04508144158009491
279,01453,0.00906655676900886
10235,31791,-0.014837108611859127
14758,45503,0.028046629672645932
25600,74115,0.026506716471517852
4869,16046,0.001369201030927835
6276,20170,0.03298666340389086
11927,37043,-0.01283534601200376
8823,28333,0.02622319956019791
3682,13209,-0.02057892356399819
544,02421,0.006547302827113874
3058,11951,0.019303083479568814
6552,21205,0.029016614993242706
11474,35633,0.07985197735075127
25923,75110,-0.02339270310042117
24758,72012,0.00816326530612245
10369,32209,-0.0721573266301937
27994,80550,0.06773248718574566
26700,77048,0.0074430321768006414
27811,80023,-0.0094846664558963
10113,31410,0.059682804674457426
10393,32257,0.004779967311191291
13792,43064,0.02439732791170491
20484,60103,-0.005017765602538718
739,02915,0.024178756044689012
3003,11757,-0.004121004914679935
10441,32408,-0.07432412247946228
8710,28043,-0.019170648262844335
27974,80521,0.05641105407787629
17896,53718,-0.019933647439292983
31994,97230,-0.004464088397790055
10962,33773,-0.025537585995749738
14269,44223,-0.028749961523070768
23741,68506,0.012370272788612923
18626,55422,0.0195454808303938
28861,84105,0.069435697191082
15832,48162,-0.02234373156052083
10122,31516,0.07671616096406284
15884,48224,-0.006832797427652733
12073,37343,-0.022222222222222223
1799,06355,0.035440836497062506
28584,83401,-0.02761718190071193
15943,48375,-0.025057881535790083
15607,47710,0.0068830340049229645
1968,07006,0.02588360959047819
15966,48423,-0.016962843295638127
1893,06615,0.0344469041389951
27168,78242,0.006637902422834384
15331,47006,0.02013375322883125
17879,53590,0.024020822227100252
52,00718,0.09617950272892663
9471,29687,-0.01288404360753221
11802,36605,-0.023570933383752442
18428,55014,0.029047697639874567
27693,79601,-0.06283300844704354
14414,44646,0.00299200818865399
32356,98125,0.005283273381294964
21803,63011,0.014391550282825249
15155,46530,0.034789084525772646
24234,70461,-0.030345211581291758
9636,30106,-0.05745457399631098
6022,19145,0.05009175221941179
4469,15221,0.029822589708597576
20459,60068,0.023254191568030137
31999,97239,0.039587256748273694
30192,91042,-0.0390909740584578
31565,95818,6.872852233676975e-05
6787,22026,0.0008764537333558065
14587,45152,0.06086748959967265
27795,80004,0.0034146644316135843
28103,80915,0.00504313758179469
30635,92808,0.044907478712402915
9231,29161,0.05448699546420164
8987,28590,0.03586619566001009
14754,45449,-0.035497688621230754
30725,93247,-0.0163412870571222
15919,48327,0.016564371810988687
1532,05452,0.030682697458484613
27826,80107,0.013365127027583974
9763,30329,0.01736030122288494
20666,60538,0.010409684160719215
7352,24017,-0.011015490533562823
22576,65270,-0.013658026269905846
14484,44833,-0.010065530799475754
27075,78061,-0.05571643692806672
26972,77803,-0.04135820045558086
17724,53115,-0.024057328101006654
4421,15090,0.04250892890018042
21288,62035,0.02356489111757899
20862,61072,0.04778730703259005
26330,76114,-0.0034287673581347507
10662,32966,-0.056604373251970506
6111,19525,0.0199783041041403
9800,30439,0.038003239241092085
12758,39157,-0.017146946302259655
26718,77067,-0.0004028197381671702
2013,07063,-0.056273302696609726
16839,50208,0.04223313744408385
12338,38108,0.0710595574617409
29174,85302,-0.07691285277568562
4484,15238,0.03752820747620761
7286,23860,0.024757695977502134
6246,20110,-0.0002029152152592242
28806,84040,0.03137254901960784
8448,27370,-0.013803425910527191
12707,39042,0.016468404043182287
4431,15122,0.04049597678406543
27428,78840,0.018715051922857467
20551,60194,0.038446209032099825
9575,30009,-0.0505698938818289
31580,95833,0.01775170615750326
15223,46750,0.02746101931580172
9599,30045,-0.026055017790871177
11511,35757,-0.052731788079470196
30500,92344,-0.02422334747502395
17748,53154,0.013445007714348688
26760,77327,0.006491164803461955
30969,94070,-0.04103167187550343
6229,20016,-0.023795390610886005
16885,50263,0.014472922477764329
24162,70126,-0.03650538299715382
25983,75216,-0.06384722563724285
1865,06482,-0.01654994163748541
29975,89460,-0.044913917729005125
27963,80503,-0.0007127092146404267
30859,93619,0.005996397421312097
